"Time (s)","Linear Acceleration x (m/s^2)","Linear Acceleration y (m/s^2)","Linear Acceleration z (m/s^2)","Absolute acceleration (m/s^2)"
6.591499998E-3,1.432018197E-1,-3.963558519E-1,-2.028983831E-2,4.219198976E-1
1.657950000E-2,1.391032138E-1,-4.099529672E-1,-9.505233765E-3,4.330144211E-1
2.656750000E-2,2.296795079E-1,-6.268513387E-1,-1.045171087E0,1.240192678E0
3.655550000E-2,1.975867724E-1,-6.321424842E-1,-1.060498978E0,1.250321053E0
4.654350000E-2,1.688196409E-1,-4.424512070E-1,-1.004406053E0,1.110447956E0
5.653150000E-2,-2.030357927E-1,-5.109127468E-1,-7.910972875E-1,9.633744268E-1
6.651950000E-2,-2.648738989E-1,-5.094275540E-1,-8.303011143E-1,1.009492227E0
7.650750000E-2,-2.048975462E-1,-6.010066456E-1,-5.487892556E-1,8.392625570E-1
8.649550000E-2,-1.789031643E-1,-5.121617121E-1,-3.379784203E-1,6.391755424E-1
9.648350000E-2,-5.335689533E-1,-3.477467787E-1,3.167343163E-1,7.112976010E-1
1.064715000E-1,-3.943625361E-2,-3.123863268E-1,3.129616928E-1,4.439430779E-1
1.164595000E-1,-7.155033141E-2,-1.293830949E-1,-9.341862559E-2,1.748898933E-1
1.264475000E-1,-5.748807013E-2,-3.060994005E-1,-1.691207725E-1,3.544059211E-1
1.364355000E-1,-1.978098437E-1,-2.702448589E-1,-2.676995659E-1,4.287470998E-1
1.464235000E-1,4.344001758E-1,-1.488732680E0,-8.416827196E-1,1.764499449E0
1.564115000E-1,1.801199698E-1,-7.282280248E-1,3.863378173E-1,8.438105053E-1
1.663995000E-1,6.037907973E-1,-7.699730515E-2,1.208331792E0,1.352981017E0
1.763875000E-1,1.040392157E0,-8.962553680E-2,8.641857290E-1,1.355457691E0
1.863755000E-1,8.963538936E-1,8.445718288E-3,7.419648886E-1,1.163629464E0
1.963635000E-1,3.135496303E-2,-6.964314508E-1,1.045803756E0,1.256863316E0
2.063515000E-1,-1.984482135E-1,-1.130026465E0,9.243535781E-1,1.473353672E0
2.163395000E-1,-4.013702779E-1,-1.282490859E0,3.916886044E-1,1.399750287E0
2.263275000E-1,-7.314701597E-1,-1.257445480E0,7.726978540E-2,1.456773267E0
2.363155000E-1,-7.882460390E-1,-1.207309114E0,2.858469844E-2,1.442131825E0
2.463035000E-1,3.426042987E-1,8.914314151E-2,5.825528330E-1,6.816832170E-1
2.562925000E-1,1.271890880E0,4.662558067E-1,1.548378958E0,2.057323087E0
2.662805000E-1,1.843804851E0,4.861521274E-1,2.765209093E0,3.358919699E0
2.762685000E-1,2.599466257E0,1.594646806E-1,1.948228521E0,3.252421894E0
2.862565000E-1,2.617705477E0,1.979253262E-1,1.927688422E0,3.256921714E0
2.962445000E-1,6.209944752E-1,-2.506841099E0,4.750254607E-1,2.625935190E0
3.062325000E-1,1.100101292E0,-1.134680849E0,3.241468316E-1,1.613317901E0
3.162205000E-1,9.030600652E-1,1.181214745E0,1.236996013E0,1.934152241E0
3.262085000E-1,9.309487988E-1,1.202983344E0,1.229793413E0,1.956074239E0
3.361965000E-1,1.307165524E-1,7.092403615E-1,-1.020652542E0,1.249736100E0
3.461845000E-1,6.240632401E-1,-1.928295947E0,-5.647556627E-1,2.103979360E0
3.561725000E-1,2.084201574E0,-2.460913559E0,-5.798011333E-1,3.276608170E0
3.661605000E-1,2.737940018E0,-1.443411204E0,-5.719073921E-1,3.147511638E0
3.761485000E-1,7.295886719E-1,-6.961884990E-1,-4.178852999E-1,1.091607155E0
3.861365000E-1,-1.334703717E0,-2.987567595E-1,-1.289861274E0,1.880008437E0
3.961245000E-1,-1.358677594E0,1.362528424E0,-5.973018497E-1,2.014760038E0
4.061125000E-1,1.770712316E-2,3.222066378E0,7.208570248E-1,3.301766214E0
4.161005000E-1,1.625709700E0,2.736789578E0,4.503548884E-1,3.214929043E0
4.260885000E-1,2.396641549E0,6.205717215E-1,3.305197120E-2,2.475902342E0
4.360765000E-1,3.044153732E0,-1.219190364E0,3.186089337E-1,3.294663676E0
4.460645000E-1,3.921914941E0,-1.745520757E0,2.831464478E0,5.142514036E0
4.560525000E-1,4.213676677E0,-2.950013852E0,2.983711356E-1,5.152346863E0
4.660405000E-1,4.057402529E0,-3.569899695E0,-2.790888310E0,6.082413721E0
4.760285000E-1,2.398370132E0,-2.490824698E0,-4.687746702E0,5.825062756E0
4.860165000E-1,-2.314595465E0,-7.119639945E-1,-4.598143385E0,5.196842069E0
4.960045000E-1,-3.569236329E0,-1.805880102E0,-3.412146787E0,5.257698794E0
5.059925000E-1,6.967425227E-1,-2.763245598E0,-9.041549563E-2,2.851166663E0
5.159805000E-1,2.982948294E0,-1.070453570E0,5.548117123E0,6.389480025E0
5.259685000E-1,4.494366563E-1,3.057509065E-3,6.020732946E0,6.037485227E0
5.359565000E-1,-4.963371731E-1,-4.796032459E-1,1.099746074E0,1.298387958E0
5.459445000E-1,2.778248384E0,-1.655428905E0,-1.460954897E0,3.548731908E0
5.559325000E-1,2.776813770E0,-2.944694055E0,-2.237082143E0,4.624549092E0
5.659205000E-1,1.531440305E0,-3.935919900E0,-1.858556791E0,4.614218050E0
5.759085000E-1,9.431993003E-1,-3.785189205E0,-1.831123409E0,4.309326534E0
5.858965000E-1,5.960275953E-1,-2.553514451E0,-8.913828832E-1,2.769521329E0
5.958845000E-1,-2.383571048E-1,-1.445889546E0,9.708114606E-1,1.757807038E0
6.058725000E-1,-1.327131281E0,-7.479872283E-1,6.707838088E-1,1.664545959E0
6.158605000E-1,-1.955149285E0,-1.681946905E0,-1.010903479E0,2.770104684E0
6.258485000E-1,-1.710985347E0,-3.475881145E0,-2.332931457E0,4.522365507E0
6.358365000E-1,-1.059544932E0,-4.905060811E0,-3.075302142E0,5.885553524E0
6.458245000E-1,-1.545493064E0,-5.881023084E0,-4.036059900E0,7.298271086E0
6.558125000E-1,-2.017376670E0,-4.981135426E0,1.130324673E0,5.491734937E0
6.658005000E-1,7.291111006E-1,-2.902889095E0,6.561978709E0,7.212345851E0
6.757885000E-1,2.030639471E0,-3.401122739E0,5.019718278E0,6.394427585E0
6.857765000E-1,1.932255828E0,-4.262342176E0,1.502589412E0,4.915175312E0
6.957645000E-1,3.037159292E-1,-4.223534498E0,-1.224437948E0,4.407917343E0
7.057525000E-1,-2.230969757E0,-3.424431787E0,-2.447293054E0,4.763738281E0
7.157405000E-1,-3.253948906E0,-1.617853235E0,-1.792265153E0,4.051894242E0
7.257287500E-1,-1.449313968E0,-3.185437957E0,3.134270727E0,4.697997334E0
7.357167500E-1,-1.686988959E0,-3.138458503E0,3.187007350E0,4.780467484E0
7.457047500E-1,-2.431965163E-1,-4.365602542E0,4.138187369E0,6.020151559E0
7.556927500E-1,-3.311658293E-2,-2.886962156E0,1.071462507E0,3.079558264E0
7.656807500E-1,4.871315360E-1,-1.577519726E0,1.500734675E-1,1.657826187E0
7.756697500E-1,3.734181020E-1,-1.520363193E0,-9.140496147E-1,1.812851901E0
7.856577500E-1,3.091867304E-1,-1.356564849E0,-9.812540030E-1,1.702563961E0
7.956457500E-1,-2.670249726E0,-3.369001937E0,-2.980181392E0,5.230859277E0
8.056337500E-1,-4.491182900E0,-4.115030640E0,-3.945923316E0,7.257720843E0
8.156217500E-1,-6.092195277E0,-4.885567948E0,-4.678937287E0,9.103629584E0
8.256097500E-1,-6.924747570E0,-5.891015975E0,-4.554134901E0,1.016839923E1
8.355977500E-1,-7.081631289E0,-5.486478699E0,-4.637165948E0,1.008733157E1
8.455857500E-1,-6.513645040E0,-6.794027216E0,-5.072749600E0,1.069201412E1
8.555737500E-1,-2.653571421E0,-6.305837919E0,-6.711413661E0,9.583741778E0
8.655617500E-1,-2.152125901E0,-4.915139657E0,-5.954758812E0,8.015572110E0
8.755497500E-1,-2.125033704E0,-4.584294255E0,-5.502302434E0,7.470398526E0
8.855377500E-1,-2.528427849E0,-4.102049529E0,-5.285936744E0,7.152683762E0
8.955257500E-1,-6.954643214E-1,-5.271837353E0,-3.403487645E0,6.313451342E0
9.055137500E-1,2.046348308E0,-5.471552512E0,1.524612949E0,6.037373016E0
9.155017500E-1,3.996573653E0,-5.039440352E0,4.955823998E0,8.119652180E0
9.254897500E-1,5.888519214E0,-3.321336020E0,7.727821709E0,1.026767548E1
9.354777500E-1,5.807418918E0,-2.879210795E0,7.907138856E0,1.022442244E1
9.454657500E-1,7.234839449E0,-1.173785273E0,9.787475941E0,1.222764732E1
9.554537500E-1,6.857868871E0,-7.788304138E-1,8.592145432E0,1.102097570E1
9.654417500E-1,5.917736582E0,-6.954713380E-1,6.437167552E0,8.771568430E0
9.754297500E-1,4.722266909E0,-9.474003786E-1,4.418532123E0,6.536114929E0
9.854177500E-1,4.878658878E0,-5.672489154E-1,4.473103017E0,6.643172012E0
9.954057500E-1,5.394644085E0,-1.054789757E0,4.315519971E0,6.988453251E0
1.005393750E0,6.543184589E0,2.087245488E-1,5.459000294E0,8.523937747E0
1.015381750E0,7.132803782E0,1.265599422E0,5.371757498E0,9.018559214E0
1.025369750E0,6.943244652E0,1.464198933E0,4.454542201E0,8.378273750E0
1.035357750E0,6.993269920E0,1.677664989E0,4.581557758E0,8.527077781E0
1.045345750E0,6.010937691E0,1.907146568E0,1.464797103E0,6.474118512E0
1.055333750E0,5.867283297E0,2.864608836E0,1.612555658E0,6.725424359E0
1.065321750E0,5.930118645E0,3.049128250E0,1.731510828E0,6.889239434E0
1.075309750E0,6.032998651E0,3.904167765E0,6.696459407E-1,7.217203360E0
1.085297750E0,6.048165743E0,4.024873007E0,7.867364341E-1,7.307452757E0
1.095285750E0,6.381073458E0,4.718515921E0,7.267416626E-1,7.969356587E0
1.105273750E0,6.580640098E0,4.060670831E0,-4.016803265E-2,7.732754048E0
1.115261750E0,5.253361906E0,2.826651635E0,-8.608493078E-1,6.027340401E0
1.125249750E0,4.578333018E0,2.630654136E0,-1.070893573E0,5.387790591E0
1.135237750E0,4.546660990E0,2.666553701E0,-9.859721214E-1,5.362347977E0
1.145225750E0,3.811436187E0,3.617250155E0,-1.770366746E0,5.544884391E0
1.155213750E0,3.292790498E0,3.378773219E0,-3.358156229E0,5.791009496E0
1.165201750E0,3.228959368E0,3.386804954E0,-3.262890760E0,5.704654460E0
1.175189750E0,2.738185601E0,2.358845732E0,-1.442877645E0,3.891491934E0
1.185177750E0,3.676745574E0,3.053884960E0,-9.404006767E-1,4.871244687E0
1.195165750E0,3.618333644E0,3.301195870E0,-1.227332320E0,5.049413546E0
1.205153750E0,2.024002004E0,1.759258790E0,-3.083987888E0,4.086876178E0
1.215141750E0,3.926440394E-1,2.429272521E-1,-5.583845365E0,5.602902110E0
1.225129750E0,-3.872248399E-1,3.380924410E-1,-6.385291640E0,6.405950273E0
1.235117750E0,2.588562369E-1,7.909265488E-1,-6.230156822E0,6.285493249E0
1.245105750E0,1.133201503E0,-4.497052628E-1,-5.169975933E0,5.311782339E0
1.255093750E0,1.636066727E0,-2.326399532E0,-3.327180604E0,4.377097199E0
1.265081750E0,6.014890409E-1,-3.173119043E0,-1.210388258E0,3.448987281E0
1.275069750E0,-1.416236562E0,-3.093706838E0,1.107544506E0,3.578184292E0
1.285057750E0,-6.468862385E-1,-6.323003590E-2,3.684339353E0,3.741231925E0
1.295045750E0,6.988005672E0,4.636706357E0,3.566157185E0,9.113108481E0
1.305033750E0,5.301554657E0,2.119537321E0,-7.638597876E-2,5.710057360E0
1.315021750E0,1.374904933E0,4.902007395E-1,1.753087639E0,2.281222613E0
1.325009750E0,2.079214337E0,1.277696142E0,2.202316353E0,3.287223298E0
1.334997750E0,-1.689265280E0,3.431970602E-1,4.558930495E0,4.873935644E0
1.344985750E0,-4.950035255E0,-1.640136974E0,3.590452951E0,6.331212420E0
1.354973750E0,-5.315249421E0,-2.467613883E0,1.642343713E0,6.085908934E0
1.364961750E0,-3.840895629E0,-5.557275617E-1,1.500676495E0,4.160930461E0
1.374949750E0,-1.507682337E0,1.382601038E0,1.708952855E0,2.665560264E0
1.384937750E0,-7.268556833E-1,1.642271208E0,9.139192218E-1,2.015098570E0
1.394925750E0,-1.303343784E0,4.799236733E-1,4.470614442E-1,1.459073571E0
1.404913750E0,-1.730394010E0,-8.235323775E-1,9.912559578E-1,2.157558199E0
1.414901750E0,-4.089735585E-1,-1.224286505E0,1.315500146E0,1.843007719E0
1.424889750E0,9.831128329E-1,-3.016073940E0,1.551388519E0,3.531291434E0
1.434877750E0,1.400987608E0,-4.662356338E0,3.052091619E-1,4.877856653E0
1.444865750E0,1.827348447E-1,-4.613435608E0,-3.187564882E0,5.610503543E0
1.454853750E0,-4.555495548E-1,-4.101291438E0,-3.504217045E0,5.413654399E0
1.464842750E0,-1.363360190E-1,-2.949108703E0,-1.028473193E0,3.126273622E0
1.474830750E0,-7.625178516E-2,-1.803621615E0,3.160709497E-1,1.832693676E0
1.484818750E0,-9.941436052E-3,-1.259773257E0,5.286876976E-2,1.260921329E0
1.494806750E0,2.501935869E-1,-1.030158361E0,-4.894062491E-1,1.167622180E0
1.504794750E0,1.011675897E0,-3.106754315E-1,-2.124913251E-1,1.079425730E0
1.514782750E0,1.925031447E0,6.360998797E-1,7.696689963E-3,2.027419140E0
1.524770750E0,2.320230135E0,1.011267761E0,3.166471928E-2,2.531231522E0
1.534758750E0,1.373617376E0,7.673622698E-1,9.062377346E-1,1.815746783E0
1.544746750E0,2.069991524E0,1.485517296E0,4.809127298E-1,2.592856263E0
1.554734750E0,8.874284112E-1,1.968431820E0,-6.982584134E-1,2.269321006E0
1.564722750E0,-2.909410787E-1,1.613043900E0,-7.666316602E-1,1.809497565E0
1.574710750E0,-1.068081647E0,1.265343314E-1,1.904993623E-2,1.075719407E0
1.584698750E0,-1.011140876E0,1.950748086E-1,6.464213848E-2,1.031813287E0
1.594686750E0,-4.989779949E-2,7.182778180E-2,-3.866927433E-1,3.964597058E-1
1.604674750E0,-6.671088338E-3,2.412251276E-1,-4.624364054E-1,5.216143160E-1
1.614662750E0,-7.891665369E-1,9.034100211E-1,3.031933343E-1,1.237279147E0
1.624650750E0,7.857312977E-1,1.177116432E0,9.069275598E-1,1.680920690E0
1.634638750E0,7.801150471E-1,1.182289463E0,9.375747174E-1,1.698656590E0
1.644626750E0,5.043135792E-1,-5.976789951E-2,3.461259305E-1,6.145791631E-1
1.654614750E0,9.921754324E-1,-4.931354570E-1,1.515557367E-1,1.118286103E0
1.664602750E0,8.238294160E-1,-5.100754255E-1,-2.895354080E-1,1.011287595E0
1.674590750E0,6.961349970E-1,-5.199765158E-1,-5.163515344E-1,1.010741519E0
1.684578750E0,6.994983155E-1,-4.960619885E-1,-4.438978082E-1,9.656193110E-1
1.694566750E0,1.118572354E0,-2.446784931E-1,-3.626180023E-2,1.145594429E0
1.704554750E0,1.269520565E0,2.852879906E-1,5.410405254E-1,1.409182938E0
1.714542750E0,1.741769768E0,1.277557563E0,1.133507897E0,2.439417022E0
1.724530750E0,8.244579917E-1,5.795947266E-1,1.048704559E0,1.454456008E0
1.734518375E0,7.864873427E-1,5.697415835E-1,1.149198900E0,1.504601583E0
1.744506375E0,9.783403355E-1,-5.544721645E-1,-1.715011009E0,2.050817387E0
1.754494375E0,9.639830822E-1,-5.466076595E-1,-1.614549704E0,1.958268129E0
1.764482375E0,1.130211237E0,6.494081426E-1,-1.803319460E0,2.225099875E0
1.774470375E0,8.594237566E-2,-2.041730762E-1,-8.379067339E-1,8.666951204E-1
1.784458375E0,1.130909979E-1,-1.684454191E-1,-7.620665927E-1,7.886120242E-1
1.794446375E0,-1.561341065E-1,-1.404342740E0,3.490846217E-1,1.455478088E0
1.804434375E0,3.945560789E-1,-6.231202304E-2,-3.611614609E-1,5.385117347E-1
1.814422375E0,1.559142512E-1,3.216746289E-1,-2.851471458E-1,4.572665692E-1
1.824410375E0,-6.142558515E-1,-5.376865625E-2,-3.657320832E-1,7.169109262E-1
1.834398375E0,-5.505024898E-1,2.652297020E-3,-3.197596657E-1,6.366366859E-1
1.844386375E0,-7.531886190E-1,-5.969375682E-1,3.609065223E-1,1.026587100E0
1.854374375E0,-1.188329052E0,-6.493601954E-1,6.778846675E-1,1.514371890E0
1.864362375E0,-8.439385754E-1,-4.664399940E-1,7.558473480E-1,1.225195413E0
1.874350375E0,-1.340953660E0,-3.274382293E-1,1.087508436E0,1.757284016E0
1.884338375E0,-1.313991564E0,-3.069291204E-1,1.090479334E0,1.734913396E0
1.894326375E0,-2.005614849E0,5.012420368E-1,2.630814350E-1,2.083973691E0
1.904314375E0,-1.991450554E0,5.122552675E-1,2.680065447E-1,2.073670243E0
1.914302375E0,-1.198657574E0,1.514117197E0,3.053866249E-1,1.955144971E0
1.924290375E0,-7.839718705E-1,1.366921145E0,5.688012050E-1,1.675297025E0
1.934278375E0,-8.042137617E-1,1.348716424E0,5.401365459E-1,1.660585214E0
1.944266375E0,-1.473136986E0,-4.364712596E-2,-4.925782905E-1,1.553921177E0
1.954254375E0,-1.493646680E0,-6.194891095E-2,-5.165542135E-1,1.581659359E0
1.964242375E0,-1.317765942E0,-6.462617558E-1,1.836679434E0,2.351074792E0
1.974230375E0,5.559041476E-1,-2.769060069E-1,3.440436786E0,3.496042282E0
1.984218375E0,5.087504464E-1,-3.103538346E-1,3.465269911E0,3.516140224E0
1.994206375E0,5.873481345E-1,-5.702526301E-1,-1.200379652E0,1.452954646E0
2.004194375E0,5.284339285E-1,-6.158825469E-1,-1.190638191E0,1.440893136E0
2.014182375E0,-1.295237204E0,-6.335528326E-1,-1.171385649E0,1.857733282E0
2.024170375E0,-1.318362358E0,-6.530842870E-1,-1.178481172E0,1.885050732E0
2.034158375E0,-1.329867924E0,-9.570079386E-2,-6.105668432E-1,1.466458048E0
2.044146375E0,-6.622012657E-1,4.933249068E-1,9.000601512E-1,1.221469711E0
2.054134375E0,4.187401628E-1,2.163364542E-1,1.061187268E0,1.161147365E0
2.064122375E0,4.073380923E-1,2.446972042E-1,-4.675925533E-1,6.666662127E-1
2.074110375E0,-2.703600490E-1,3.635687596E-1,-1.125715971E0,1.213471568E0
2.084099375E0,-2.946365190E-1,3.991397113E-1,-6.107480337E-1,7.868521768E-1
2.094087375E0,-3.123541671E-1,8.636162102E-2,-3.697995526E-1,4.917063802E-1
2.104075375E0,-2.441054660E-1,-3.408166587E-1,-8.557691737E-1,9.529346001E-1
2.114063375E0,4.893388599E-1,-8.713707876E-1,-5.234743202E-1,1.128168841E0
2.124051375E0,1.626677268E0,-7.347652119E-1,2.590784311E-1,1.803629808E0
2.134039375E0,1.843686152E0,-6.266987264E-2,1.097196688E0,2.146379909E0
2.144027375E0,1.042008913E0,2.534142333E-1,6.719596839E-1,1.265516165E0
2.154015375E0,7.766874093E-1,3.896900260E-1,-3.609235157E-1,9.409396539E-1
2.164003375E0,4.901253104E-1,4.763001537E-1,-5.549306228E-1,8.803593882E-1
2.173991375E0,-1.544471848E-1,2.466367257E-1,-9.145460433E-1,9.597281243E-1
2.183979375E0,1.196521586E-1,2.311047667E-1,-1.112802322E0,1.142827660E0
2.193967375E0,1.577671169E0,-2.386967915E-1,8.187961328E-1,1.793446287E0
2.203955375E0,2.083659391E0,-4.120772606E-1,7.283081317E-1,2.245412403E0
2.213943375E0,1.366201937E0,5.102525961E-1,-7.266568780E-2,1.460186888E0
2.223931375E0,8.420733136E-1,1.266690513E0,-8.847386920E-1,1.759646236E0
2.233919375E0,9.393516862E-1,1.371108921E0,-9.406778347E-1,1.909763350E0
2.243907375E0,1.847720731E0,1.903951650E0,2.575768661E-1,2.665604927E0
2.253895375E0,1.572666537E0,1.672234679E0,2.735409343E-1,2.311811736E0
2.263883375E0,4.700921649E-1,1.572661859E0,3.673571706E-1,1.682023561E0
2.273871375E0,8.243696988E-2,1.265226370E0,9.053711772E-2,1.271137519E0
2.283859375E0,-1.665789878E-1,1.289460740E0,6.412313231E-1,1.449701752E0
2.293847375E0,-4.644174421E-1,2.303780748E0,8.261927875E-1,2.491120996E0
2.303835375E0,-1.029875355E0,3.546843832E0,7.227906990E-1,3.763398837E0
2.313823375E0,-1.939961727E0,4.466140738E0,2.363644103E-1,4.875011049E0
2.323811375E0,-1.870375183E0,3.112464121E0,-9.081303321E-2,3.632352301E0
2.333799375E0,-3.266137719E-1,-1.789516377E0,5.396723501E-1,1.897443455E0
2.343787375E0,1.028039330E0,-6.129227448E0,1.982014464E0,6.523241166E0
2.353775375E0,-5.368691218E-1,-6.853001649E0,3.034037172E0,7.513803405E0
2.363763375E0,-3.296802272E0,-5.351893337E0,3.479737676E0,7.184722807E0
2.373751375E0,-4.192926663E0,-2.018914341E0,2.615171878E0,5.338143223E0
2.383739375E0,-4.334685389E0,7.829790133E-1,9.218356939E-1,4.500259393E0
2.393727375E0,-4.520726835E0,2.214552822E0,-2.681699159E0,5.703746636E0
2.403715375E0,-4.143983713E0,3.101136310E0,-5.090514611E0,7.259682254E0
2.413703375E0,-3.909427920E0,2.459580393E0,-3.336015455E0,5.697557502E0
2.423691375E0,-3.100446339E0,4.836693996E-1,1.722843500E0,3.579789563E0
2.433679375E0,-1.857913013E0,-1.318869311E0,1.706069008E0,2.846388674E0
2.443667375E0,4.581059575E-2,-3.483616719E0,-1.446788263E0,3.772383906E0
2.453655375E0,1.403594881E-1,-3.402452103E0,-1.491905379E0,3.717816935E0
2.463643375E0,-9.241179353E-1,-5.594373862E0,-3.496389377E-1,5.680955927E0
2.473631375E0,-7.273351550E-1,-4.998161933E0,8.168712294E-1,5.116436039E0
2.483619375E0,-5.114734948E-1,-4.837770469E0,7.616045165E-1,4.923989204E0
2.493607375E0,3.839162514E0,1.369788619E0,1.506543299E0,4.345706201E0
2.503595375E0,3.960948322E0,1.451927381E0,1.473343393E0,4.468550714E0
2.513583375E0,2.778910874E0,2.389437194E0,-9.229502463E-1,3.779364088E0
2.523571375E0,2.045032099E0,9.469700235E-1,-1.492947353E0,2.703294344E0
2.533559375E0,2.479915840E0,3.717010671E-1,-1.502285357E0,2.923184146E0
2.543547375E0,2.881635343E0,2.360263681E-1,-5.842549574E-1,2.949726182E0
2.553535375E0,2.969858133E0,2.886261660E-1,-5.575635874E-1,3.035496590E0
2.563523375E0,2.819735548E0,-8.050329566E-2,-4.209164965E-1,2.852115012E0
2.573511375E0,1.499686562E0,-5.584383309E-1,-1.039169505E0,1.908084488E0
2.583500375E0,1.581175113E0,-5.137094700E-1,-9.944944382E-1,1.937274205E0
2.593488375E0,9.457286596E-3,2.252464414E-1,-1.709593710E0,1.724394401E0
2.603476375E0,1.008577457E-1,2.717060781E-1,-1.632332110E0,1.657861453E0
2.613464375E0,7.185938600E-1,9.503099531E-1,-8.997941029E-1,1.493015596E0
2.623452375E0,1.694797623E0,2.855602954E0,-1.723202519E0,3.741154118E0
2.633440375E0,1.782730683E0,2.892694767E0,-1.617802949E0,3.763389175E0
2.643428375E0,1.440405443E0,5.395092566E0,-6.873292364E-2,5.584488862E0
2.653416375E0,1.509982924E0,5.422608393E0,-2.164712325E-3,5.628919515E0
2.663404375E0,-4.394109473E-1,5.645974955E0,7.928356647E-1,5.718278024E0
2.673392375E0,-1.517213006E0,5.810489291E0,7.187304655E-1,6.048164563E0
2.683380375E0,-2.334410217E0,4.253221981E0,3.580974029E0,6.030152841E0
2.693368375E0,-1.851001311E0,1.168895831E0,5.986227357E0,6.373965900E0
2.703356375E0,-1.728128799E0,1.226904888E0,5.820013236E0,6.193890443E0
2.713344375E0,-6.759308204E-1,2.588222061E0,-3.033499228E0,4.044489273E0
2.723332375E0,-1.726608815E0,4.420278686E0,-7.956603377E0,9.264317512E0
2.733321167E0,-1.594624294E0,4.467829413E0,-8.001477249E0,9.302040876E0
2.743309167E0,-4.145319217E-1,3.840431360E0,2.225980620E0,4.458221559E0
2.753297167E0,-2.941415522E-1,3.879197230E0,2.132842661E0,4.436632531E0
2.763285167E0,-2.842080098E-1,4.417839228E0,1.602270405E0,4.708008930E0
2.773273167E0,2.581507704E-1,4.515305881E0,1.005829850E0,4.633176309E0
2.783261167E0,-2.776749158E-1,2.049432714E0,1.530380058E0,2.572807986E0
2.793249167E0,-1.023411843E0,-1.094791728E0,7.997985291E-1,1.698710810E0
2.803237167E0,-9.490273663E-1,-1.086272335E0,6.561329522E-1,1.584661156E0
2.813225167E0,-2.988557236E0,-9.074435474E0,4.201203396E0,1.043680811E1
2.823213167E0,-1.089391825E0,-2.081341204E1,1.904100754E0,2.092870027E1
2.833201167E0,3.656941055E0,-1.946869979E1,-6.965766080E-1,1.982142044E1
2.843189167E0,2.131452193E0,-1.712049073E1,-8.376990847E-1,1.727298558E1
2.853177167E0,1.999660922E0,-1.715219667E1,-7.547060446E-1,1.728485104E1
2.863165167E0,-1.053101081E-1,-2.842221601E0,1.428623888E0,3.182810089E0
2.873153167E0,-1.512364787E-1,-2.845931075E0,1.541252956E0,3.240008770E0
2.883141167E0,5.271288300E-1,9.700519073E-1,-3.077308468E-1,1.146108101E0
2.893129167E0,1.083333232E0,1.796154721E0,-1.158107718E0,2.396037596E0
2.903117167E0,1.076137649E0,1.284902251E0,-1.877516972E0,2.516766977E0
2.913105167E0,9.071095544E-1,4.984225094E-1,-2.270280880E0,2.495084771E0
2.923093167E0,8.961258522E-1,1.248181736E-1,-2.234098894E0,2.410356610E0
2.933081167E0,8.527158308E-1,6.701838845E-1,-2.279292608E0,2.524172245E0
2.943069167E0,8.151702744E-1,8.872009546E-1,-2.168674983E0,2.480882764E0
2.953057167E0,5.908479854E-1,6.564645624E-1,-1.920933133E0,2.114244822E0
2.963045167E0,4.316642636E-1,8.121402472E-1,-1.605719093E0,1.850470109E0
2.973033167E0,2.083082271E-1,1.064376851E0,-1.433269501E0,1.797373601E0
2.983021167E0,-2.358430579E-1,1.315213047E0,-1.192808604E0,1.791144794E0
2.993009167E0,-6.973164269E-1,1.508072931E0,-6.463675904E-1,1.782785805E0
3.002997167E0,-1.022790284E0,1.955272077E0,-2.605132648E-1,2.221948699E0
3.012986167E0,-1.413297751E0,2.311357570E0,-4.329994753E-2,2.709549637E0
3.022974167E0,-2.325711607E0,2.493042839E0,6.815033631E-1,3.476872720E0
3.032962167E0,-3.186043729E0,2.735720415E0,8.976962681E-1,4.294286835E0
3.042950167E0,-4.021870462E0,2.749227483E0,8.905555022E-1,4.952452208E0
3.052938167E0,-4.759429473E0,2.894805027E0,6.553547609E-1,5.609060074E0
3.062926167E0,-5.213100318E0,3.302686910E0,8.297082067E-2,6.171793897E0
3.072914167E0,-5.212123833E0,3.837818239E0,-6.670911460E-1,6.506926639E0
3.082902167E0,-4.485316681E0,5.070315405E0,-1.096348111E0,6.857706848E0
3.092890167E0,-3.040887769E0,6.496396338E0,-2.350186590E0,7.548081930E0
3.102878167E0,-1.259834068E0,6.959432668E0,-4.824211068E0,8.561185512E0
3.112866167E0,1.474188316E-1,5.285222214E0,-8.062499961E0,9.641535759E0
3.122854167E0,8.407126665E-2,1.586308676E0,-5.222542986E0,5.458790932E0
3.132842167E0,5.834281611E-1,-1.748163114E0,1.750205838E0,2.541590677E0
3.142830167E0,1.241587247E0,-4.999796814E0,4.628548614E0,6.925530258E0
3.152818167E0,-1.474491202E0,-9.015217212E0,9.575478705E0,1.323397363E1
3.162806167E0,-4.040866896E0,-1.236404742E1,7.062500369E0,1.480125621E1
3.172794167E0,-4.483412243E0,-1.508780911E1,3.447619798E0,1.611300877E1
3.182782167E0,-3.795262789E0,-1.655986670E1,1.368717702E0,1.704425396E1
3.192770167E0,-2.930823290E0,-1.671021499E1,3.402138108E-1,1.696869929E1
3.202758167E0,-6.853813827E-2,-1.623171161E1,-2.170014872E0,1.637626709E1
3.212746167E0,3.860588759E0,-1.574558579E1,-4.193698787E0,1.674558829E1
3.222734167E0,7.260225720E0,-1.634289290E1,-2.846056205E0,1.810803860E1
3.232722167E0,9.300416325E0,-1.564017570E1,1.828153170E0,1.828811045E1
3.242710167E0,1.303345421E1,-1.234993809E1,8.610130298E-1,1.797590730E1
3.252698167E0,1.293671203E1,-1.235596189E1,6.576421916E-1,1.790141910E1
3.262686167E0,1.211694760E1,-1.061696605E1,2.713759443E0,1.633722368E1
3.272674167E0,1.031030648E1,-9.556484025E0,3.317452884E0,1.444417877E1
3.282662167E0,1.213463543E1,-5.447875966E0,2.588212706E0,1.355092523E1
3.292650167E0,1.035104754E1,-4.439377447E0,5.742408697E-1,1.127750016E1
3.302638167E0,1.044627530E1,-4.354268299E0,2.597203823E-1,1.132041407E1
3.312626167E0,2.745824111E0,-1.203372184E0,-4.130124643E0,5.103487458E0
3.322614167E0,-7.683285221E-1,4.474529153E-1,-6.174925193E0,6.238609137E0
3.332602167E0,-3.549186811E0,1.874557112E0,-6.427226701E0,7.577594239E0
3.342590167E0,-5.424229242E0,3.175646794E0,-4.239052423E0,7.581329756E0
3.352578167E0,-5.379222638E0,3.197927025E0,-4.279264895E0,7.581218997E0
3.362566167E0,-9.746744236E0,4.858835648E0,-3.239282627E0,1.136222949E1
3.372554167E0,-1.068535625E1,5.656153788E0,-4.781841266E0,1.300134300E1
3.382543167E0,-1.060014828E1,5.696013088E0,-4.680705485E0,1.291188261E1
3.392531167E0,-8.311663853E0,8.681506090E0,-3.171718050E0,1.243028959E1
3.402519167E0,-8.236610747E0,8.708030815E0,-2.977071258E0,1.235048625E1
3.412507167E0,-6.803454682E0,1.064681842E1,-1.405206374E0,1.271284166E1
3.422495167E0,-3.740948002E0,1.299088064E1,3.847417613E0,1.405561432E1
3.432483167E0,-2.697110373E0,1.311332133E1,6.013442638E0,1.467634468E1
3.442471167E0,-2.506760407E0,1.237074600E1,6.807544810E0,1.434091596E1
3.452459167E0,-2.575442972E0,1.232972544E1,6.883122411E0,1.435382911E1
3.462447167E0,-2.741703579E0,1.079337654E1,5.707085960E0,1.251338267E1
3.472435167E0,-2.096900411E0,9.965963953E0,3.243544078E0,1.068821814E1
3.482423167E0,-1.189419850E0,9.317508321E0,1.521333246E0,9.515520782E0
3.492411167E0,-3.133353299E-1,9.050908032E0,1.067481723E0,9.119025851E0
3.502399167E0,-3.697732401E-1,9.014931284E0,1.114680594E0,9.091107255E0
3.512387167E0,3.241582337E-1,8.440591450E0,7.088545914E-1,8.476505024E0
3.522375167E0,-1.737587839E-1,8.062625676E0,7.341003835E-1,8.097840964E0
3.532363167E0,-1.093979842E0,7.768506051E0,8.288967593E-1,7.888824247E0
3.542351167E0,-2.171472291E0,7.736124755E0,7.166616476E-1,8.067002049E0
3.552339167E0,-2.209868325E0,7.720460064E0,6.869155459E-1,8.059830928E0
3.562327167E0,-3.345319544E0,7.788739756E0,4.911310315E-1,8.490985781E0
3.572315167E0,-4.887980802E0,7.904217587E0,-6.207506463E-2,9.293700302E0
3.582303167E0,-5.185376914E0,7.866822304E0,3.106589131E-1,9.427170088E0
3.592291167E0,-5.096406265E0,7.975320899E0,7.820278175E-1,9.496876738E0
3.602279167E0,-5.122594775E0,7.957600912E0,8.006627476E-1,9.497654991E0
3.612267167E0,-4.822735523E0,8.673786596E0,7.735572486E-1,9.954483545E0
3.622255167E0,-4.630635778E0,9.207988218E0,4.073451090E-1,1.031483227E1
3.632243167E0,-4.467707791E0,9.762366827E0,-6.341758534E-2,1.073630480E1
3.642231167E0,-4.020859478E0,9.966297244E0,-1.508515126E0,1.085218916E1
3.652219167E0,-4.088141634E0,9.898543217E0,-1.372371627E0,1.079710441E1
3.662207167E0,-2.379151357E0,7.619842932E0,-4.018358916E0,8.936978005E0
3.672195167E0,-1.760851572E0,4.677846197E0,-7.328866185E0,8.871027159E0
3.682183167E0,9.378898823E-1,7.051654369E-1,-3.314303866E0,3.515893320E0
3.692171167E0,3.197104322E0,-4.016506226E0,1.889268999E0,5.470204352E0
3.702159167E0,3.053402565E0,-4.129783165E0,1.927480845E0,5.485759622E0
3.712147167E0,6.655614851E0,-1.727393453E1,-4.419108951E0,1.903193493E1
3.722135167E0,1.041395890E1,-2.761440446E1,-3.033398071E-1,2.951436749E1
3.732123500E0,1.027734924E1,-2.772197685E1,-3.039254057E-1,2.956728392E1
3.742111500E0,1.417009797E1,-3.470055389E1,3.968902874E-1,3.748436526E1
3.752099500E0,1.521900894E1,-3.157450142E1,-3.164516619E0,3.519348716E1
3.762087500E0,1.266972583E1,-1.851513001E1,-5.969620095E0,2.321569202E1
3.772075500E0,1.190064857E1,-1.378654168E1,-6.059677742E0,1.919411009E1
3.782063500E0,1.311716646E1,-1.370851994E1,-5.675595195E0,1.980393788E1
3.792051500E0,1.517558635E1,-1.289340171E1,-5.038672612E0,2.054084833E1
3.802039500E0,1.445443404E1,-1.283052660E1,-4.742765201E0,1.990092706E1
3.812027500E0,1.228745475E1,-1.383626640E1,-3.929497903E0,1.891731392E1
3.822015500E0,1.041915357E1,-1.463478556E1,-2.435035829E0,1.812912323E1
3.832003500E0,9.242920069E0,-1.441396195E1,-1.534231035E0,1.719150184E1
3.841991500E0,8.678078452E0,-1.296315782E1,-3.456008506E-1,1.560358761E1
3.851979500E0,8.508129129E0,-1.089750025E1,1.182083495E0,1.387591779E1
3.861967500E0,8.476496862E0,-8.843565180E0,1.951141019E0,1.240429746E1
3.871955500E0,7.793278949E0,-6.898055615E0,2.019339434E0,1.060170268E1
3.881943500E0,6.500473017E0,-4.645933263E0,1.226962191E0,8.083704692E0
3.891931500E0,4.783246352E0,-2.867057065E0,-6.567124113E-1,5.615223332E0
3.901919500E0,2.084054663E0,5.702385968E-1,-2.060881562E0,2.985915054E0
3.911907500E0,2.702650318E-1,3.507394422E0,-2.674843884E0,4.419236203E0
3.921895500E0,-6.620805207E-1,5.874626815E0,-3.924761074E0,7.096008759E0
3.931883500E0,-1.683117517E0,7.842109632E0,-4.696212301E0,9.294405739E0
3.941871500E0,-2.884981412E0,9.258846130E0,-3.208599948E0,1.021491376E1
3.951859500E0,-5.132029842E0,9.816797973E0,-1.453497359E0,1.117228299E1
3.961847500E0,-6.639210488E0,9.353744102E0,-2.644917834E0,1.177145849E1
3.971835500E0,-6.335264032E0,8.948143802E0,-3.968531576E0,1.165993528E1
3.981823500E0,-6.180784687E0,9.182749296E0,-3.608040791E0,1.164229111E1
3.991811500E0,-6.283638380E0,9.944920993E0,-2.592651327E0,1.204605353E1
4.001799500E0,-6.490771902E0,1.086419334E1,-2.179806912E0,1.284182133E1
4.011787500E0,-5.928324135E0,1.156777594E1,-1.562883561E0,1.309202323E1
4.021775500E0,-4.832544520E0,1.185950873E1,-6.656329966E-1,1.282359158E1
4.031763500E0,-3.790695236E0,1.152266116E1,1.794042706E-2,1.213018600E1
4.041751500E0,-3.081871196E0,1.028437525E1,4.920583634E-1,1.074748463E1
4.051740500E0,-3.280649924E0,8.643275240E0,2.370405092E0,9.543987170E0
4.061728500E0,-4.240580885E0,7.104472268E0,5.040932561E0,9.688501098E0
4.071716500E0,-4.299438081E0,7.075485281E0,5.065920053E0,9.706245708E0
4.081704500E0,-4.346935014E0,7.072554072E0,3.916474400E0,9.179086928E0
4.091692500E0,-4.381425108E0,7.222085502E0,2.075323015E0,8.698411958E0
4.101680500E0,-4.493265386E0,7.302401687E0,3.353144288E-1,8.580614197E0
4.111668500E0,-4.327800585E0,7.430590196E0,-4.981839430E-1,8.613461314E0
4.121656500E0,-4.074311215E0,7.771532570E0,-2.522349230E-1,8.778402635E0
4.131644500E0,-3.484227461E0,8.358798843E0,-8.031853095E-1,9.091450145E0
4.141632500E0,-3.451570177E0,8.661007506E0,-5.855028263E-1,9.341798610E0
4.151620500E0,-3.465177232E0,8.650357972E0,-5.493458375E-1,9.334769796E0
4.161608500E0,-3.786254276E0,9.015490277E0,1.632049982E-1,9.779643258E0
4.171596500E0,-3.933825720E0,9.110256686E0,4.911709388E-1,9.935442143E0
4.181584500E0,-3.990518568E0,9.224277391E0,6.458040650E-1,1.007117643E1
4.191572500E0,-3.912683065E0,9.253891200E0,6.125520460E-1,1.006572457E1
4.201560500E0,-3.945242993E0,9.233763329E0,6.369467027E-1,1.006146255E1
4.211548500E0,-3.200971378E0,9.554994739E0,-4.664802667E-1,1.008770272E1
4.221536500E0,-2.488200175E0,9.625488186E0,-2.245358877E0,1.019229118E1
4.231524500E0,-1.596902954E0,9.605666710E0,-5.289286029E0,1.108131214E1
4.241512500E0,-4.003448224E-1,9.441120214E0,-7.882472377E0,1.230562463E1
4.251500500E0,-5.129411459E-1,9.349865059E0,-7.717545812E0,1.213439733E1
4.261488500E0,6.355970192E-1,6.110913969E0,-2.354670089E0,6.579644696E0
4.271476500E0,5.159138703E-1,6.001390942E0,-2.185734819E0,6.407830917E0
4.281464500E0,-2.466833280E0,-3.720080459E-1,2.341520139E0,3.421457727E0
4.291452500E0,-1.289768304E0,-4.036352845E0,-1.015448871E1,1.100314898E1
4.301440500E0,-1.287672077E0,-4.086884483E0,-9.959293449E0,1.084196708E1
4.311428500E0,4.919102315E0,-1.444544453E1,7.537334626E0,1.701998380E1
4.321416500E0,4.882063712E0,-1.447045307E1,7.538095348E0,1.703089662E1
4.331404500E0,1.756090301E1,-3.247018727E1,-3.461224807E0,3.707665645E1
4.341392500E0,2.419487790E1,-3.844473891E1,-2.969153251E0,4.552148874E1
4.351381500E0,2.398222402E1,-3.860611505E1,-2.955471643E0,4.554463745E1
4.361369500E0,1.038342007E1,-2.087921894E1,-7.163539671E0,2.439412832E1
4.371357500E0,1.029559723E1,-2.093608662E1,-7.208586035E0,2.441890165E1
4.381345500E0,2.047707785E0,-1.193982257E1,-2.954076498E0,1.246912339E1
4.391333500E0,3.549141787E0,-9.729474485E0,-9.139595675E-1,1.039684583E1
4.401321500E0,3.693558658E0,-9.594803168E0,-9.967295364E-1,1.032938010E1
4.411309500E0,1.053712933E1,-1.161044658E1,-1.182795540E0,1.572363093E1
4.421297500E0,1.067119429E1,-1.148929695E1,-1.287091156E0,1.573324301E1
4.431285500E0,1.744701094E1,-1.406850377E1,-4.849913089E-1,2.241776540E1
4.441273500E0,1.722243108E1,-1.293804754E1,-4.486264515E-1,2.154545131E1
4.451261500E0,1.730353430E1,-1.286161039E1,-5.671835728E-1,2.156745276E1
4.461249500E0,1.092659600E1,-5.837309300E0,-1.149868114E-1,1.238861985E1
4.471237500E0,1.104913259E1,-5.739055027E0,-2.574320014E-1,1.245336720E1
4.481225500E0,5.578912654E0,4.343756175E-1,-3.785605820E-1,5.608587763E0
4.491213500E0,2.186026888E0,3.285945747E0,-1.272703789E0,4.146797311E0
4.501201500E0,2.275060394E0,3.355320037E0,-1.473821111E0,4.313492902E0
4.511189500E0,-3.196627481E0,6.356276001E0,-3.141409593E0,7.777475560E0
4.521177500E0,-3.126097197E0,6.402304114E0,-3.298742963E0,7.851349361E0
4.531165500E0,-6.364731660E0,7.152093161E0,-2.151268991E0,9.812757205E0
4.541153500E0,-6.984155865E0,7.534489955E0,-1.077917833E0,1.032999898E1
4.551141500E0,-6.901020738E0,7.576103420E0,-1.109194590E0,1.030784861E1
4.561129500E0,-7.008593718E0,8.373351978E0,-5.545242047E-1,1.093347641E1
4.571117500E0,-6.917712200E0,8.414726876E0,-5.157676899E-1,1.090542923E1
4.581105500E0,-6.835009181E0,9.018810326E0,-5.671845961E-1,1.133040108E1
4.591093500E0,-6.532984706E0,9.790543390E0,-7.871382840E-1,1.179636451E1
4.601081500E0,-6.354320108E0,1.075663264E1,-1.151582226E0,1.254626125E1
4.611069500E0,-5.966756714E0,1.174008636E1,-1.401471173E0,1.324371304E1
4.621057500E0,-5.103935140E0,1.257060616E1,-4.363741958E-1,1.357426667E1
4.631045500E0,-4.036580302E0,1.287918712E1,1.596225700E0,1.359100357E1
4.641034500E0,-3.162907173E0,1.250806669E1,3.553150638E0,1.338209974E1
4.651022500E0,-2.572535736E0,1.187479920E1,4.872227526E0,1.309073707E1
4.661010500E0,-2.504511276E0,1.079230299E1,5.270514128E0,1.226885079E1
4.670998500E0,-3.333699957E0,9.340157511E0,4.858465519E0,1.104340459E1
4.680986500E0,-3.925756854E0,8.396571856E0,3.731260335E0,9.991811122E0
4.690974500E0,-4.032988942E0,7.553044925E0,1.856154170E0,8.761209719E0
4.700962500E0,-3.775386641E0,7.190974807E0,6.251733340E-2,8.122042315E0
4.710950500E0,-3.717263563E0,7.232435074E0,-7.900137985E-1,8.170084901E0
4.720938500E0,-3.834830020E0,7.509859144E0,-9.892307746E-1,8.490140350E0
4.730926500E0,-3.775052472E0,7.849015778E0,-1.238695214E0,8.797297067E0
4.740914625E0,-3.461320701E0,8.145193623E0,-1.514140002E0,8.978727087E0
4.750902625E0,-3.024041064E0,8.276637277E0,-1.482747470E0,8.935663883E0
4.760890625E0,-2.511854501E0,8.328219075E0,-1.182890630E0,8.778831143E0
4.770878625E0,-2.022917053E0,8.287493218E0,-8.057498983E-1,8.568778801E0
4.780866625E0,-1.560104087E0,8.225912097E0,-5.247349068E-1,8.388974985E0
4.790854625E0,-1.125991886E0,8.220211646E0,-2.960762496E-1,8.302252609E0
4.800842625E0,-7.677668971E-1,8.308497586E0,-2.720124722E-1,8.348328511E0
4.810830625E0,-2.548663893E-1,8.663113673E0,-8.732011123E-1,8.710739095E0
4.820818625E0,3.857036868E-1,9.530690203E0,-2.167465779E0,9.781652773E0
4.830806625E0,7.368129069E-1,1.029551770E1,-3.033810300E0,1.075846564E1
4.840794625E0,4.413250333E-1,9.967686542E0,-3.448569678E0,1.055661762E1
4.850782625E0,-1.379333029E0,7.830962500E0,-6.804436430E0,1.046550947E1
4.860770625E0,-3.623454051E0,3.496473577E0,-1.295175809E0,5.199252553E0
4.870758625E0,-2.307728203E0,-4.110300243E-2,3.205270251E0,3.949817248E0
4.880746625E0,-3.109746335E0,-3.829368428E0,-9.896115453E0,1.105747195E1
4.890735625E0,-3.837413027E0,-6.148675287E0,4.411334785E0,8.484799415E0
4.900723625E0,-2.817345791E0,-5.791219207E0,1.108086542E1,1.281644396E1
4.910711625E0,1.889127204E0,-1.533717181E1,-1.466473792E0,1.552250580E1
4.920699625E0,1.273531521E1,-3.408244472E1,-2.240047559E0,3.645297114E1
4.930687625E0,1.759590444E1,-4.054357826E1,2.047956877E0,4.424468011E1
4.940675625E0,1.904640218E1,-3.067319757E1,-6.108837622E0,3.661868897E1
4.950663625E0,1.651296736E1,-1.599971514E1,-4.109351532E0,2.335713479E1
4.960651625E0,1.316216429E1,-1.243685695E1,-3.900482265E0,1.852381553E1
4.970639625E0,1.327166627E1,-1.234660167E1,-3.879871707E0,1.853723558E1
4.980627625E0,9.817549925E0,-1.047253865E1,-1.238492462E0,1.440806080E1
4.990615625E0,8.662996729E0,-1.114166126E1,-4.966695142E-1,1.412199733E1
5.000603625E0,8.128556541E0,-1.177340380E1,4.146468195E-1,1.431287534E1
5.010591625E0,8.594530511E0,-1.173775216E1,1.612292533E0,1.463694871E1
5.020579625E0,8.758400484E0,-1.159981868E1,1.529233712E0,1.461519511E1
5.030567625E0,9.636976211E0,-8.972164748E0,2.335010873E0,1.337248393E1
5.040555625E0,9.067698897E0,-6.495076037E0,1.848750279E0,1.130606269E1
5.050543625E0,9.184260217E0,-6.386726546E0,1.675896060E0,1.131147821E1
5.060531625E0,6.083449597E0,-1.701509349E0,-7.231579041E-1,6.358179804E0
5.070519625E0,6.176926110E0,-1.614064239E0,-9.335500789E-1,6.452219408E0
5.080507625E0,3.678110315E0,1.358459054E0,-1.713017985E0,4.278824267E0
5.090495625E0,-2.400366810E-1,6.226566047E0,-3.923873466E0,7.363730395E0
5.100483625E0,-1.398926757E0,7.783388969E0,-4.525962431E0,9.111667018E0
5.110471625E0,-2.037302080E0,8.133850025E0,-4.489370556E0,9.511286137E0
5.120459625E0,-1.990137562E0,8.162098508E0,-4.596583933E0,9.576485964E0
5.130447625E0,-4.647728651E0,8.223717636E0,-1.596827634E-1,9.447561165E0
5.140435625E0,-5.480957758E0,8.788699002E0,3.657667279E-2,1.035777321E1
5.150424625E0,-6.066527170E0,9.374637957E0,-1.770706469E0,1.130583876E1
5.160412625E0,-6.051168289E0,9.381445286E0,-1.727458123E0,1.129655987E1
5.170400625E0,-6.373235850E0,9.441582144E0,-3.157085978E0,1.182069374E1
5.180388625E0,-6.388197706E0,9.976524024E0,-7.490458667E-1,1.187017992E1
5.190376625E0,-5.752017134E0,1.050510998E1,6.620919228E-2,1.197695372E1
5.200364625E0,-4.888549736E0,1.080533410E1,1.025748975E0,1.190400456E1
5.210352625E0,-4.372110201E0,1.060299003E1,2.468902609E0,1.173176139E1
5.220340625E0,-4.441933265E0,1.056478900E1,2.498269665E0,1.172974378E1
5.230328625E0,-4.785140850E0,8.545919684E0,5.030566617E0,1.101076367E1
5.240316625E0,-4.888693577E0,8.095692850E0,5.005886689E0,1.070039575E1
5.250304625E0,-4.901636097E0,7.763348807E0,3.883232979E0,9.968707012E0
5.260292625E0,-4.477198115E0,7.545368115E0,2.482717241E0,9.118210781E0
5.270280625E0,-4.515947320E0,7.525942495E0,2.456223507E0,9.114089344E0
5.280268625E0,-3.929943461E0,7.758205596E0,-1.196070254E0,8.778655576E0
5.290256625E0,-4.009959391E0,7.803607471E0,-2.304528022E0,9.071213440E0
5.300244625E0,-4.058330483E0,7.814417803E0,-2.141071447E0,9.061973232E0
5.310232625E0,-3.826060658E0,8.030153748E0,-1.080256573E0,8.960416488E0
5.320220625E0,-3.823964724E0,8.029170831E0,-1.050228928E0,8.955069584E0
5.330208625E0,-3.359237671E0,8.310934120E0,2.489229870E-1,8.967612076E0
5.340196625E0,-3.150728885E0,8.444852316E0,-3.439565405E-1,9.020029337E0
5.350184625E0,-2.778333169E0,8.786700423E0,-1.350161855E0,9.313870117E0
5.360172625E0,-2.280343938E0,9.249198809E0,-2.031579995E0,9.740378040E0
5.370160625E0,-2.330556902E0,9.211439245E0,-1.953180528E0,9.700361983E0
5.380149625E0,-2.322410561E0,1.029997796E1,-1.213122051E0,1.062801966E1
5.390137625E0,-3.007802469E0,1.056017438E1,-1.497112763E0,1.108176454E1
5.400125625E0,-3.713315231E0,1.032043386E1,-1.419079624E0,1.105955931E1
5.410113625E0,-4.112578903E0,9.342746074E0,-2.397629728E0,1.048564913E1
5.420101625E0,-4.183359448E0,9.270570382E0,-2.236866527E0,1.041381502E1
5.430089625E0,-4.486814738E0,7.350192735E0,-2.905192605E0,9.088288277E0
5.440077625E0,-4.339006482E0,4.970849004E0,3.617062752E-1,6.608112325E0
5.450065625E0,-2.302255209E0,1.061507623E0,-2.822217107E-2,2.535344941E0
5.460053625E0,7.016933602E-1,-2.648274720E0,-5.331824523E0,5.994504593E0
5.470041625E0,4.872932115E0,-8.626003734E0,2.015163937E-1,9.909289414E0
5.480029625E0,7.788003591E0,-1.614799000E1,4.687072226E0,1.853049452E1
5.490017625E0,7.245656798E0,-2.361841026E1,6.262552736E0,2.548623967E1
5.500005625E0,1.593596061E1,-3.706813361E1,4.775498207E0,4.063012125E1
5.509993625E0,2.795687588E1,-3.974202790E1,-3.677318602E0,4.872923520E1
5.519981625E0,2.034836193E1,-2.792463667E1,-6.882885014E0,3.523088520E1
5.529969625E0,9.140676826E0,-1.843433786E1,-8.218952740E0,2.215689440E1
5.539957625E0,4.396012741E0,-1.471084380E1,-8.413880199E0,1.750791916E1
5.549945625E0,4.409901048E0,-1.469074809E1,-4.526259470E0,1.599225848E1
5.559933625E0,5.875430807E0,-1.540314478E1,-1.003435854E0,1.651618720E1
5.569921625E0,6.290407117E0,-1.511197566E1,-3.559046678E-1,1.637277307E1
5.579909625E0,6.785341762E0,-1.359498923E1,-1.060157208E-1,1.519459885E1
5.589897625E0,7.969822762E0,-1.183068780E1,6.078299077E-1,1.427769960E1
5.599885625E0,9.705333670E0,-1.005108889E1,1.570338761E0,1.406000901E1
5.609873625E0,1.077513791E1,-7.822441937E0,1.667399324E0,1.341918087E1
5.619862625E0,1.114022753E1,-4.963110799E0,6.607551031E-1,1.221367002E1
5.629850625E0,1.046065945E1,-1.947377751E0,-3.779688437E-1,1.064709052E1
5.639838625E0,8.840446275E0,1.134151676E0,-3.397945654E-1,8.919375018E0
5.649826625E0,6.687269922E0,3.789082282E0,-8.029829959E-1,7.727969025E0
5.659814625E0,4.158978021E0,5.631086774E0,-2.325021343E0,7.376446345E0
5.669802625E0,2.889926402E0,6.800132879E0,-4.247362486E0,8.522533067E0
5.679790625E0,1.820671511E0,7.683331414E0,-5.196288403E0,9.452504406E0
5.689778625E0,2.064856499E-2,8.354514003E0,-4.469825653E0,9.475108019E0
5.699766625E0,-1.700064795E0,8.902970552E0,-2.703791694E0,9.458519677E0
5.709754625E0,-3.536455668E0,9.433300733E0,-1.426508365E0,1.017490086E1
5.719742625E0,-5.551675154E0,1.012802421E1,-2.047603705E0,1.172990419E1
5.729730625E0,-6.564638023E0,1.023135972E1,-4.170871550E0,1.285190116E1
5.739718250E0,-7.153628640E0,1.006255528E1,-3.895112182E0,1.294609286E1
5.749706250E0,-7.134095432E0,9.927379346E0,-1.501706482E0,1.231678938E1
5.759694250E0,-6.850386774E0,1.025837502E1,2.994862362E-1,1.233903355E1
5.769682250E0,-6.134099933E0,1.062456158E1,1.631169684E0,1.237615470E1
5.779670250E0,-5.257761351E0,1.093530133E1,3.274438426E0,1.256768939E1
5.789658250E0,-4.383190090E0,1.089572504E1,4.735733632E0,1.266318887E1
5.799646250E0,-3.695508120E0,1.038335107E1,5.709884437E0,1.241263630E1
5.809634250E0,-3.577727655E0,9.261714190E0,5.440535957E0,1.132161280E1
5.819622250E0,-3.708787439E0,8.340918058E0,4.425488555E0,1.014450429E1
5.829610250E0,-3.108878901E0,7.568968647E0,1.069818343E0,8.252207322E0
5.839598250E0,-3.319484206E0,7.325450826E0,-9.713393911E-1,8.100907691E0
5.849587250E0,-4.164074746E0,7.191502810E0,-2.239965405E0,8.606664637E0
5.859575250E0,-4.858817814E0,7.057655951E0,-2.413364586E0,8.901850745E0
5.869563250E0,-4.857350747E0,7.057284068E0,-2.396730427E0,8.896259407E0
5.879551250E0,-5.007775340E0,7.514758526E0,-8.510937401E-1,9.070488968E0
5.889539250E0,-4.826383601E0,7.779573660E0,8.116987824E-2,9.155453760E0
5.899527250E0,-4.628036983E0,7.950405328E0,5.938033875E-1,9.218474584E0
5.909515250E0,-4.290716374E0,8.016686441E0,7.643282226E-1,9.124785265E0
5.919503250E0,-4.315600370E0,7.995827084E0,8.348922019E-1,9.124401476E0
5.929491250E0,-3.435853738E0,8.284429277E0,2.025943279E-1,8.970947765E0
5.939479250E0,-2.950005666E0,8.722837719E0,-8.684015715E-1,9.249029819E0
5.949467250E0,-2.518186744E0,9.035196564E0,-2.687718283E0,9.757042123E0
5.959455250E0,-2.118553820E0,8.922275135E0,-3.897075677E0,9.964058546E0
5.969443250E0,-2.202417510E0,8.841119290E0,-3.704637963E0,9.835668540E0
5.979431250E0,-1.906892799E0,6.806662465E0,-1.867549224E0,7.311267616E0
5.989419250E0,-1.744818506E0,3.143128674E0,3.010923420E0,4.689275992E0
5.999407250E0,-1.029675965E0,-3.713660216E-1,6.652387773E0,6.741840134E0
6.009395250E0,3.576864606E-1,-3.752704999E0,1.807464551E0,4.180629440E0
6.019383250E0,3.206326550E-1,-3.801264371E0,1.896246481E0,4.260066529E0
6.029371250E0,9.574045553E0,-1.790558818E1,-1.774822762E0,2.038191434E1
6.039359250E0,1.216914569E1,-2.629328221E1,-1.794969490E-1,2.897338461E1
6.049347250E0,1.573267514E1,-3.469326592E1,1.770932318E0,3.813497041E1
6.059335250E0,1.618871235E1,-3.473545943E1,-3.678154753E0,3.849877104E1
6.069324250E0,1.606079048E1,-3.481328821E1,-3.753146171E0,3.852272229E1
6.079312250E0,6.473280541E0,-1.717326886E1,-7.480966297E0,1.981891473E1
6.089300250E0,4.862599500E0,-1.588628150E1,-4.444045279E0,1.719791709E1
6.099288250E0,7.328452787E0,-1.482600120E1,-3.302141657E0,1.686477606E1
6.109276250E0,1.062023464E1,-1.395297682E1,-1.258133698E0,1.758004114E1
6.119264250E0,1.077318377E1,-1.382325167E1,-1.328826535E0,1.757582303E1
6.129252250E0,1.334619020E1,-1.271893015E1,-7.009876013E-2,1.843629276E1
6.139240250E0,1.384067988E1,-1.134862463E1,6.196493232E-1,1.790920617E1
6.149228250E0,1.382664656E1,-9.925148048E0,7.688632500E-1,1.703748425E1
6.159216250E0,1.277439449E1,-8.040986300E0,3.795472996E-1,1.509922751E1
6.169204250E0,1.293515082E1,-7.919123894E0,1.979389210E-1,1.516805294E1
6.179192250E0,1.123567280E1,-5.668221856E0,-6.053772931E-1,1.259903028E1
6.189180250E0,5.572325181E0,-7.141859365E-1,-1.573306661E0,5.834052050E0
6.199168250E0,2.400451010E0,1.250928174E0,-1.942664895E0,3.331806303E0
6.209156250E0,-2.732476965E-1,3.159778621E0,-2.533596203E0,4.059307202E0
6.219144250E0,-1.746881989E-1,3.213343794E0,-2.770312543E0,4.246260224E0
6.229132250E0,-3.761214744E0,6.630625606E0,-4.878236709E0,9.050366051E0
6.239120250E0,-5.052805917E0,8.194387418E0,-3.550121781E0,1.026071135E1
6.249108250E0,-6.313369718E0,9.166315112E0,-2.649790903E0,1.144121330E1
6.259096250E0,-6.407315762E0,9.673333029E0,-4.012805523E0,1.227720145E1
6.269084250E0,-6.361121589E0,9.694391191E0,-3.969544314E0,1.225570767E1
6.279072250E0,-7.282480223E0,1.040138037E1,-4.335851324E0,1.341725898E1
6.289061250E0,-8.104451394E0,1.072877066E1,-3.524431454E0,1.390000969E1
6.299049250E0,-8.090366621E0,1.073439802E1,-3.391828297E0,1.386311048E1
6.309037250E0,-7.690479051E0,1.082110638E1,-2.831286138E0,1.357409269E1
6.319025250E0,-6.499457940E0,1.100049895E1,-1.776629698E-1,1.277832129E1
6.329013250E0,-5.249109226E0,1.100617192E1,4.172429248E0,1.288790650E1
6.339001250E0,-4.182342325E0,1.046451861E1,6.896303204E0,1.321200723E1
6.348989250E0,-3.858169473E0,9.722335035E0,7.049660468E0,1.261376165E1
6.358977250E0,-3.954408503E0,9.366972257E0,6.122763351E0,1.186868767E1
6.368965250E0,-3.971650188E0,8.776146199E0,5.073476994E0,1.088737416E1
6.378953250E0,-3.694789497E0,7.863831453E0,3.610539891E0,9.408895411E0
6.388941250E0,-2.815175890E0,7.273287815E0,6.888055122E-1,7.829456173E0
6.398929250E0,-2.354166497E0,7.223557246E0,-3.597488905E0,8.406176635E0
6.408917250E0,-2.401405568E0,7.593976019E0,-5.417738832E0,9.632606840E0
6.418905250E0,-2.700906678E0,7.778105425E0,-3.882242460E0,9.103055937E0
6.428893250E0,-2.978538909E0,8.014009586E0,-1.814361781E0,8.740020157E0
6.438881250E0,-3.260377042E0,8.200679022E0,-2.079047326E-1,8.827480912E0
6.448869250E0,-3.373389688E0,8.215083053E0,6.966313525E-1,8.908010036E0
6.458857250E0,-3.187787076E0,8.128547185E0,7.727236549E-1,8.765407442E0
6.468845250E0,-3.022476642E0,7.973995920E0,4.817064893E-1,8.541195298E0
6.478833250E0,-2.680463350E0,7.915786888E0,3.134823874E-2,8.357364928E0
6.488821250E0,-2.239913365E0,8.046099690E0,-5.814108717E-1,8.372273927E0
6.498810250E0,-1.756205666E0,8.385774972E0,-1.353460854E0,8.673945845E0
6.508798250E0,-1.230151262E0,8.989346792E0,-2.201598315E0,9.336415962E0
6.518786250E0,-5.864228126E-1,9.908923194E0,-2.985011777E0,1.036537244E1
6.528774250E0,2.744913992E-1,1.080733151E1,-3.381578128E0,1.132734878E1
6.538762250E0,5.584149420E-2,1.095496435E1,-1.117256731E0,1.101193102E1
6.548750250E0,-7.338150394E-1,1.034847711E1,-3.059448878E-1,1.037897226E1
6.558738250E0,-2.235780553E0,8.034291238E0,-2.978066746E0,8.855361762E0
6.568726250E0,-2.820013291E0,4.041100200E0,2.458332013E0,5.506937631E0
6.578714250E0,-1.397975707E0,5.144146442E-2,6.983645403E0,7.122379197E0
6.588702250E0,-1.431465635E0,-3.456352907E0,-8.782538375E-1,3.842759306E0
6.598690250E0,-6.884049779E-1,-8.829515491E0,3.236901641E0,9.429304187E0
6.608678250E0,6.122286803E0,-1.831891733E1,4.692744610E0,1.987679501E1
6.618666250E0,1.824555583E1,-3.606684470E1,-1.663619246E0,4.045349458E1
6.628654250E0,1.742578087E1,-3.978811332E1,-8.043160880E-1,4.344420243E1
6.638642250E0,1.350575019E1,-2.736510023E1,-3.270983599E0,3.069125825E1
6.648630250E0,1.125586440E1,-1.692001894E1,-5.655878384E0,2.109432352E1
6.658618250E0,1.004425349E1,-1.732870774E1,-5.615798060E0,2.080164243E1
6.668606250E0,1.012697756E1,-1.724934582E1,-5.691606041E0,2.079639356E1
6.678594250E0,1.057497017E1,-1.898455501E1,-3.222122219E0,2.196873676E1
6.688582250E0,1.066900977E1,-1.889861029E1,-3.315809816E0,2.195403916E1
6.698571250E0,8.030213975E0,-1.489421482E1,-2.974521872E0,1.718050500E1
6.708559250E0,8.118254331E0,-1.278761037E1,-2.299293741E0,1.532043681E1
6.718547250E0,8.225158390E0,-1.269940863E1,-2.418947653E0,1.532251670E1
6.728535250E0,8.041251179E0,-8.418976048E0,-1.906829795E0,1.179732504E1
6.738523417E0,8.148460463E0,-8.337445396E0,-2.036516361E0,1.183460192E1
6.748511417E0,6.610310624E0,-5.340183703E0,-2.021121665E0,8.734912782E0
6.758499417E0,3.133527838E0,1.645930980E0,-1.189335285E0,3.733979636E0
6.768487417E0,3.266280099E0,1.729835601E0,-1.342628303E0,3.932374302E0
6.778475417E0,7.780577043E-1,6.368613626E0,-1.508227151E-2,6.415983228E0
6.788463417E0,8.730159017E-1,6.422241949E0,-1.474328649E-1,6.482984257E0
6.798451417E0,-1.621158374E0,9.031818042E0,1.026265869E0,9.233369551E0
6.808439417E0,-2.867139803E0,9.440819083E0,4.328307831E-1,9.876077060E0
6.818427417E0,-2.830062316E0,9.458716825E0,3.449348527E-1,9.879046348E0
6.828415417E0,-4.454101905E0,1.034887706E1,-2.400251620E0,1.151952638E1
6.838403417E0,-4.433950938E0,1.035842673E1,-2.409016596E0,1.152216499E1
6.848391417E0,-5.217692721E0,1.079655860E1,-3.175945002E0,1.240470159E1
6.858379417E0,-5.443715672E0,1.112520954E1,-3.419799623E0,1.284909947E1
6.868367417E0,-5.452004685E0,1.112095627E1,-3.330343655E0,1.282541276E1
6.878355417E0,-5.633594645E0,1.065738785E1,-1.010362612E0,1.209703009E1
6.888343417E0,-5.673062181E0,1.063714479E1,-9.555087125E-1,1.209319977E1
6.898331417E0,-6.144287537E0,8.538116575E0,2.630972224E0,1.084314156E1
6.908320417E0,-6.384536764E0,7.889321805E0,3.129381870E0,1.062058092E1
6.918308417E0,-6.433560405E0,7.864046046E0,3.146494331E0,1.063646305E1
6.928296417E0,-6.719699750E0,7.342005463E0,1.602746369E0,1.008108153E1
6.938284417E0,-6.756638950E0,7.321886364E0,1.630616537E0,1.009559806E1
6.948272417E0,-6.437743503E0,7.286127132E0,-8.901918054E-1,9.763433384E0
6.958260417E0,-5.810430819E0,6.969231432E0,-1.449454594E0,9.188700217E0
6.968248417E0,-5.817871985E0,6.964520330E0,-1.431580825E0,9.187034425E0
6.978236417E0,-4.876827530E0,7.365259840E0,-1.746804221E0,9.004544644E0
6.988224417E0,-4.866967663E0,7.368161228E0,-1.701338611E0,8.992870909E0
6.998212417E0,-3.761802974E0,7.927290700E0,-1.290520256E0,8.868965102E0
7.008200417E0,-2.901855599E0,8.231656986E0,-8.710632241E-1,8.771527449E0
7.018188417E0,-2.903232034E0,8.225203999E0,-7.931419858E-1,8.758527917E0
7.028176417E0,-1.045583608E0,8.931226053E0,-1.415511507E0,9.102950989E0
7.038164417E0,-1.081224434E0,8.904140580E0,-1.327313275E0,9.067222633E0
7.048152417E0,1.718953640E0,1.049247298E1,-2.834840076E0,1.100377704E1
7.058140417E0,3.010235788E0,1.150948270E1,-2.047114732E0,1.207147010E1
7.068128417E0,2.862770471E0,1.140563031E1,-1.905165385E0,1.191274581E1
7.078116417E0,2.899587464E0,1.168257315E1,4.064352822E0,1.270468759E1
7.088104417E0,2.676735458E0,1.152439778E1,4.158931535E0,1.254086793E1
7.098093417E0,-2.729976695E0,9.345165067E0,-3.237268846E0,1.025986318E1
7.108081417E0,-4.954731154E0,6.721855618E0,-6.018982290E0,1.029372875E1
7.118069417E0,-5.086171299E0,6.566400958E0,-5.797209095E0,1.012888905E1
7.128057417E0,-4.946307070E0,5.890075743E-1,2.244422299E0,5.463544181E0
7.138045417E0,-5.018502057E0,5.318621510E-1,2.241712115E0,5.522093213E0
7.148033417E0,-6.813501368E0,-2.059068341E0,1.883615180E0,7.362850635E0
7.158021417E0,-6.163138960E0,-6.333223938E0,6.603281686E0,1.103165157E1
7.168009417E0,-3.365578977E0,-1.265202046E1,8.388692733E0,1.554898419E1
7.177997417E0,5.201658486E0,-3.322953009E1,-2.366154751E-1,3.363502501E1
7.187985417E0,1.534772136E1,-5.057428492E1,-2.718267646E0,5.292163853E1
7.197973417E0,1.484708042E1,-4.223383990E1,-4.228999013E0,4.496684848E1
7.207961417E0,1.371652010E1,-2.742314437E1,-1.774645446E0,3.071353346E1
7.217949417E0,1.436828233E1,-1.899194355E1,-3.940181351E0,2.413848558E1
7.227937417E0,1.555893799E1,-1.438614908E1,-8.835591332E0,2.295886563E1
7.237925417E0,1.282504425E1,-1.243000051E1,-8.197422123E0,1.965157505E1
7.247913417E0,1.106002127E1,-1.222641449E1,-6.672206326E0,1.778560146E1
7.257901417E0,1.201260053E1,-1.204467484E1,-3.038980408E0,1.728039830E1
7.267889417E0,1.287133080E1,-1.129046238E1,-1.094044308E0,1.715641659E1
7.277877417E0,1.332937361E1,-1.054140248E1,-1.365889550E0,1.704872492E1
7.287865417E0,1.371187273E1,-1.007779663E1,-8.603639158E-1,1.703871077E1
7.297854417E0,1.294345036E1,-9.039000762E0,-4.014568166E-1,1.579232756E1
7.307842417E0,1.055027037E1,-5.983466887E0,-1.539009379E0,1.222614537E1
7.317830417E0,7.853930948E0,-2.575169322E0,-1.591472937E0,8.417155961E0
7.327818417E0,5.265760342E0,9.325455272E-1,-1.466079251E0,5.545021326E0
7.337806417E0,3.222261967E0,4.003586803E0,-1.470991058E0,5.345605126E0
7.347794417E0,1.221932416E0,5.714355803E0,-1.333848124E0,5.993841163E0
7.357782417E0,7.181521028E-2,6.691333737E0,-2.635204439E0,7.191898709E0
7.367770417E0,-1.274096304E0,7.334392388E0,-2.217615008E0,7.767525309E0
7.377758417E0,-2.467937234E0,7.965887586E0,-5.044240916E-1,8.354670723E0
7.387746417E0,-4.162694511E0,8.574462283E0,4.687508136E-1,9.543016104E0
7.397734417E0,-5.458685129E0,9.397685927E0,-2.569921446E-1,1.087105280E1
7.407722417E0,-6.074420911E0,1.011232444E1,-1.390318778E0,1.187815984E1
7.417710417E0,-6.107558252E0,1.084201251E1,-2.136921093E0,1.262608153E1
7.427698417E0,-6.152928552E0,1.153553205E1,-2.574810888E0,1.332503961E1
7.437686417E0,-6.416347371E0,1.205604885E1,-2.441355207E0,1.387364562E1
7.447674417E0,-6.322091424E0,1.188652286E1,-7.853196537E-1,1.348610369E1
7.457662417E0,-5.970346320E0,1.091024601E1,1.621142879E0,1.254219309E1
7.467650417E0,-5.795960714E0,9.871788697E0,3.324392359E0,1.192044283E1
7.477638417E0,-5.631295520E0,9.155577870E0,3.892878546E0,1.143199890E1
7.487627417E0,-5.638451343E0,8.337006855E0,3.672044413E0,1.071362343E1
7.497615417E0,-6.014653012E0,7.489609067E0,3.263419933E0,1.014495956E1
7.507603417E0,-6.239761459E0,6.840590349E0,2.387930367E0,9.561930287E0
7.517591417E0,-5.937203132E0,5.467367075E0,-7.832930088E-2,8.071469460E0
7.527579417E0,-5.925181257E0,5.472113845E0,-6.655885577E-2,8.065744413E0
7.537567417E0,-5.478347561E0,5.377995892E0,-1.311214721E-1,7.678041720E0
7.547555417E0,-3.943025436E0,6.764315760E0,1.292193729E0,7.935564373E0
7.557543417E0,-3.257211652E0,7.556906426E0,1.376583084E0,8.343335272E0
7.567531417E0,-2.478937016E0,8.233118205E0,9.002935282E-1,8.645223684E0
7.577519417E0,-1.727007887E0,8.838003893E0,-8.980394997E-2,9.005605688E0
7.587507417E0,-1.733983616E0,8.832705731E0,-6.560115494E-2,9.001538381E0
7.597495417E0,7.483734369E-2,1.004515162E1,-2.817777901E0,1.043314641E1
7.607483417E0,1.403839295E0,1.055128895E1,-4.092106047E0,1.140376233E1
7.617471417E0,2.242365103E0,1.075726297E1,-4.771724414E0,1.197982728E1
7.627459417E0,2.959291044E0,1.079581249E1,-5.290170128E0,1.238114982E1
7.637447417E0,2.813450084E0,1.069875222E1,-5.119073582E0,1.218949198E1
7.647435417E0,3.010557092E0,1.110854497E1,-4.726697345E0,1.244206145E1
7.657423417E0,2.415316386E0,1.061927336E1,-2.528470534E0,1.118015577E1
7.667411417E0,1.581934374E0,9.607237857E0,8.782365882E-1,9.776136001E0
7.677400417E0,1.068586262E0,8.140380780E0,-3.294116646E0,8.846404938E0
7.687388417E0,8.775904709E-1,7.938986886E0,-3.035819403E0,8.544815811E0
7.697376417E0,-1.661877506E0,-1.183951242E0,3.786709481E0,4.301481848E0
7.707364417E0,-3.171062577E0,-5.954142516E0,-1.360997681E1,1.519009282E1
7.717352417E0,-3.728833741E0,-1.013832701E1,2.894457702E0,1.118336984E1
7.727340417E0,7.158044457E-1,-1.700212671E1,1.626756790E1,2.354184475E1
7.737328875E0,7.515455514E-1,-1.698250813E1,1.628907045E1,2.354366623E1
7.747316875E0,1.575037349E1,-3.995564306E1,-7.461633064E0,4.359132535E1
7.757304875E0,8.547168649E0,-2.985782440E1,-1.776121283E0,3.110785072E1
7.767292875E0,6.547334942E0,-2.353402325E1,-1.716929626E-1,2.442841222E1
7.777280875E0,8.606056543E0,-2.040628912E1,-3.952283625E0,2.249669733E1
7.787268875E0,8.687688351E0,-2.030571467E1,-4.084364918E0,2.246063254E1
7.797256875E0,1.381838094E1,-1.587242242E1,-2.242660972E0,2.116390733E1
7.807244875E0,1.474494476E1,-1.541280438E1,-3.276491969E0,2.158016067E1
7.817232875E0,1.415852516E1,-1.460981327E1,-2.651532204E0,2.051684921E1
7.827220875E0,1.285728579E1,-1.297290630E1,-2.213989735E0,1.839858272E1
7.837208875E0,1.295726149E1,-1.287754756E1,-2.363796569E0,1.842035262E1
7.847196875E0,9.948027034E0,-8.123627923E0,-2.906213821E0,1.316824405E1
7.857184875E0,8.531181777E0,-5.263172364E0,-3.078411691E0,1.048611770E1
7.867172875E0,6.405078617E0,-2.585857447E0,-3.064221668E0,7.556529975E0
7.877161875E0,3.616113749E0,2.139899665E-1,-2.792006882E0,4.573551441E0
7.887149875E0,3.719600987E0,2.873573202E-1,-2.944208736E0,4.752512054E0
7.897137875E0,-1.435857478E0,5.592481703E0,-1.351572204E0,5.929948205E0
7.907125875E0,-3.022081954E0,7.089520937E0,-1.378755909E0,7.829128580E0
7.917113875E0,-3.770888378E0,8.226693285E0,-5.276212021E-1,9.065123589E0
7.927101875E0,-4.314897827E0,8.827260219E0,8.504038417E-1,9.862152551E0
7.937089875E0,-4.293734415E0,8.839690815E0,8.065672660E-1,9.860367117E0
7.947077875E0,-6.506247143E0,9.644667639E0,7.197852302E-1,1.165628399E1
7.957065875E0,-6.486013438E0,9.655220693E0,7.048666441E-1,1.165283201E1
7.967053875E0,-6.088937209E0,1.035115396E1,1.027230660E0,1.205308042E1
7.977041875E0,-5.732291552E0,1.071360298E1,9.858206785E-1,1.219066436E1
7.987029875E0,-5.716650835E0,1.071974840E1,1.023831089E0,1.219185518E1
7.997017875E0,-5.039342119E0,1.184984796E1,8.987030125E-1,1.290819634E1
8.007005875E0,-5.052888948E0,1.184254596E1,9.143291116E-1,1.290788825E1
8.016993875E0,-4.778905672E0,1.199147922E1,-2.959767373E-1,1.291205311E1
8.026981875E0,-5.167360473E0,1.100977615E1,8.209954899E-2,1.216238157E1
8.036969875E0,-5.822339843E0,9.558472078E0,7.237660146E-1,1.121551902E1
8.046957875E0,-6.184211740E0,8.274766168E0,1.137514994E0,1.039279416E1
8.056946875E0,-6.506612594E0,7.324085501E0,1.363548471E0,9.891284058E0
8.066934875E0,-6.744507147E0,6.734127755E0,1.329284956E0,9.623089513E0
8.076922875E0,-6.756411493E0,6.241894523E0,9.874812877E-1,9.251241149E0
8.086910875E0,-6.684148679E0,5.932179204E0,2.523154684E-1,8.940484146E0
8.096898875E0,-6.394361840E0,5.917428433E0,-4.814059424E-1,8.725570141E0
8.106886875E0,-5.992764544E0,6.132622926E0,-9.088678122E-1,8.622547857E0
8.116874875E0,-5.559062526E0,6.476806996E0,-9.984097338E-1,8.593545662E0
8.126862875E0,-5.108185481E0,6.867577003E0,-6.918040375E-1,8.586953222E0
8.136850875E0,-4.522167588E0,7.346366901E0,-4.798774072E-1,8.639987770E0
8.146838875E0,-3.760032145E0,7.667304196E0,-5.129703820E-1,8.555029748E0
8.156826875E0,-2.912625001E0,7.968186126E0,-3.316306829E-1,8.490309385E0
8.166814875E0,-1.947643507E0,8.350755413E0,-3.182651174E-1,8.580776415E0
8.176802875E0,-7.704732808E-1,9.120199292E0,-7.361094137E-1,9.182239447E0
8.186790875E0,1.126901128E0,1.035485759E1,-1.117374991E0,1.047575814E1
8.196778875E0,3.235766112E0,1.165296753E1,-1.885654396E0,1.223999702E1
8.206766875E0,4.843311875E0,1.225900337E1,-3.680954400E0,1.368540313E1
8.216754875E0,4.732342247E0,1.136747839E1,-1.911787796E0,1.246072072E1
8.226742875E0,4.809810838E0,1.000778324E1,-6.175601131E0,1.270543407E1
8.236731875E0,2.546095796E0,5.747372106E0,-3.086083530E0,7.002770986E0
8.246719875E0,-6.448443907E-1,5.292601401E-1,8.911646651E0,8.950608170E0
8.256707875E0,-3.750081938E0,-3.194100022E0,-9.730971372E0,1.090674990E1
8.266695875E0,-5.221669412E0,-6.953231111E0,-5.806380453E0,1.045596998E1
8.276683875E0,-2.561040110E0,-8.377918069E0,1.541512104E1,1.773060615E1
8.286671875E0,4.564467516E0,-2.171613793E1,7.824656278E0,2.352977383E1
8.296659875E0,1.770197527E1,-4.149948107E1,1.177462587E-1,4.511741041E1
8.306647875E0,2.060491436E1,-4.070632264E1,-5.936176361E0,4.600875339E1
8.316635875E0,2.015835081E1,-3.413418089E1,-1.054260584E1,4.102009203E1
8.326623875E0,1.282727554E1,-2.585895103E1,-9.909340686E0,3.051916413E1
8.336611875E0,5.886264528E0,-1.785367076E1,-4.405287595E0,1.930824250E1
8.346599875E0,5.962877671E0,-1.195016513E1,-3.217175767E0,1.373726962E1
8.356587875E0,8.826519962E0,-9.474920045E0,-3.088515680E0,1.331241877E1
8.366575875E0,1.051716460E1,-1.006346744E1,-1.598183055E0,1.464371255E1
8.376563875E0,1.156610831E1,-1.112093289E1,-1.185591532E0,1.608899117E1
8.386551875E0,1.188010847E1,-1.157528844E1,-9.253967214E-1,1.661266501E1
8.396539875E0,1.015877238E1,-8.773147162E0,1.118647052E0,1.346922933E1
8.406527875E0,8.803328151E0,-6.528394057E0,8.202520895E-1,1.099051086E1
8.416516875E0,8.950543499E0,-6.410990737E0,6.476808751E-1,1.102871351E1
8.426504875E0,4.559471363E0,3.517825270E-1,-1.538935704E0,4.825023643E0
8.436492875E0,4.686522003E0,4.450538027E-1,-1.730833136E0,5.015709792E0
8.446480875E0,6.237031978E-1,5.164753200E0,-1.295877475E0,5.361247963E0
8.456468875E0,-1.006962164E0,6.882747604E0,-2.503737981E0,7.392894647E0
8.466456875E0,-9.402211672E-1,6.924458717E0,-2.668220158E0,7.480076415E0
8.476444875E0,-4.243149275E0,8.220443196E0,-2.478731779E0,9.577270662E0
8.486432875E0,-4.198342061E0,8.243927368E0,-2.538525406E0,9.593358419E0
8.496420875E0,-6.961959250E0,9.116091038E0,-1.926469277E0,1.163113392E1
8.506408875E0,-7.304208477E0,9.773564830E0,-1.904946846E0,1.234920457E1
8.516396875E0,-7.316002311E0,1.022158434E1,-1.452724357E0,1.265365893E1
8.526384875E0,-7.528706474E0,1.076979940E1,-1.253882772E0,1.320008418E1
8.536372875E0,-7.462164575E0,1.079813735E1,-1.179116764E0,1.317854266E1
8.546360875E0,-6.967252734E0,1.217764755E1,-3.858343355E-1,1.403519072E1
8.556348875E0,-6.001914852E0,1.267747689E1,1.174713811E0,1.407555878E1
8.566336875E0,-5.965815312E0,1.269005776E1,1.232177907E0,1.407646194E1
8.576324875E0,-4.364828371E0,1.169714675E1,4.183059486E0,1.316711645E1
8.586312875E0,-4.381849031E0,1.168812333E1,4.209056207E0,1.317303997E1
8.596301875E0,-4.236343993E0,8.535841423E0,3.820335649E0,1.026655559E1
8.606289875E0,-4.268308967E0,7.543797553E0,3.442252346E0,9.326116243E0
8.616277875E0,-4.065804394E0,6.588826784E0,1.921618427E0,7.977218885E0
8.626265875E0,-3.925830529E0,6.035411797E0,-5.889315605E-2,7.200125645E0
8.636253875E0,-3.938415492E0,6.031173150E0,-7.918884158E-2,7.203640539E0
8.646241875E0,-4.270153471E0,5.965242285E0,-2.679543875E0,7.810139664E0
8.656229875E0,-3.969082384E0,6.646353446E0,-2.118433367E0,8.025919825E0
8.666217875E0,-3.743447979E0,7.291491952E0,-1.214987093E0,8.285858513E0
8.676205875E0,-3.625348841E0,7.685539908E0,-3.251939949E-1,8.503906692E0
8.686193875E0,-3.633867065E0,7.676003684E0,-2.584095097E-1,8.496634503E0
8.696181875E0,-2.969510808E0,8.317592345E0,2.313181170E-1,8.834808709E0
8.706169875E0,-2.531876537E0,8.601495130E0,1.322439913E-1,8.967363366E0
8.716157875E0,-2.094925806E0,8.927821219E0,-1.185395797E-1,9.171082678E0
8.726145875E0,-1.607021560E0,9.328000565E0,-5.605246174E-1,9.481998771E0
8.736133625E0,-1.665458049E0,9.285874300E0,-4.543999922E-1,9.444982339E0
8.746121625E0,5.323565331E-1,1.039867428E1,-2.827602392E0,1.078940061E1
8.756109625E0,2.891952170E0,1.110171777E1,-7.368947679E0,1.363498862E1
8.766097625E0,5.084287911E0,1.077414271E1,-8.104354330E0,1.440877142E1
8.776086625E0,6.167334337E0,8.061238132E0,-3.661229403E0,1.079000342E1
8.786074625E0,5.863343443E0,7.835237984E0,-3.506050147E0,1.039529404E1
8.796062625E0,1.572084154E0,-6.993176365E-1,5.089148701E0,5.372143730E0
8.806050625E0,3.564487220E0,-7.152282026E0,-1.262218796E1,1.493922141E1
8.816038625E0,2.247541058E0,-1.393807110E1,3.395468481E0,1.452069120E1
8.826026625E0,3.717376707E0,-1.994210440E1,6.490544445E0,2.129867565E1
8.836014625E0,3.632007358E0,-2.001788198E1,6.510064205E0,2.136089914E1
8.846002625E0,1.144617256E1,-3.092117097E1,2.368712031E0,3.305668582E1
8.855990625E0,8.188054299E0,-2.199085416E1,-6.641697308E0,2.438757969E1
8.865978625E0,8.184792137E0,-2.200062603E1,-6.620230426E0,2.438946122E1
8.875966625E0,4.414098179E0,-1.829326209E1,-4.928849623E0,1.945305270E1
8.885954625E0,4.932405900E0,-1.887612190E1,-3.548048066E0,1.982990800E1
8.895942625E0,7.384332288E0,-1.831199891E1,-3.993257404E0,2.014457178E1
8.905930625E0,9.699587612E0,-1.711132463E1,-4.677283695E0,2.021772522E1
8.915918625E0,1.037144497E1,-1.595016466E1,-3.708640089E0,1.938372087E1
8.925906625E0,1.023314195E1,-1.437299168E1,-2.723122004E0,1.785260422E1
8.935894625E0,1.007939058E1,-1.300884796E1,-1.808091519E0,1.655576742E1
8.945882625E0,1.031579819E1,-1.183272380E1,-2.618254530E-1,1.570024195E1
8.955871625E0,1.145848446E1,-1.087370676E1,9.461768487E-1,1.582496810E1
8.965859625E0,1.292644666E1,-9.771702492E0,1.294872923E0,1.625594933E1
8.975847625E0,1.329105681E1,-7.927834491E0,9.250996828E-1,1.550350155E1
8.985835625E0,1.196149352E1,-4.976365267E0,1.612265928E-1,1.295637035E1
8.995823625E0,9.633317024E0,-1.552058610E0,-2.426148646E-1,9.760560679E0
9.005811625E0,7.563303865E0,2.518758894E0,-6.319015789E-1,7.996687522E0
9.015799625E0,6.034498461E0,5.713527837E0,-1.479398185E0,8.440864353E0
9.025787625E0,3.809557769E0,8.305247703E0,-2.648226188E0,9.513304986E0
9.035775625E0,1.830492495E0,1.005936153E1,-5.631120104E0,1.167265911E1
9.045763625E0,-6.259271863E-1,1.068704025E1,-6.740173776E0,1.265047654E1
9.055751625E0,-3.555293058E0,1.006989704E1,-5.886338203E0,1.219392933E1
9.065739625E0,-5.882505938E0,9.131430624E0,-5.111386832E0,1.200471477E1
9.075727625E0,-6.709201659E0,8.706618127E0,-4.883435469E0,1.202773994E1
9.085715625E0,-7.528976616E0,8.578579892E0,-3.930559757E0,1.207173649E1
9.095703625E0,-8.380720639E0,8.360992718E0,-2.521838622E0,1.210381542E1
9.105691625E0,-8.738726943E0,8.309698604E0,-1.147188628E0,1.211331834E1
9.115679625E0,-7.936990646E0,8.932361582E0,1.874995068E0,1.209539212E1
9.125668625E0,-6.451192099E0,9.630752435E0,5.091830235E0,1.266080594E1
9.135656625E0,-5.220974178E0,1.032597000E1,6.868924202E0,1.345608961E1
9.145644625E0,-4.653776718E0,1.086679418E1,6.870580133E0,1.367295597E1
9.155632625E0,-4.646871449E0,1.090386670E1,5.822251550E0,1.320554188E1
9.165620625E0,-5.131321744E0,1.043527084E1,4.199794217E0,1.236380248E1
9.175608625E0,-4.969143956E0,9.785956834E0,1.422751529E0,1.106713896E1
9.185596625E0,-3.766486301E0,9.124276555E0,-2.353414253E0,1.014777810E1
9.195584625E0,-3.169524467E0,8.415030931E0,-3.919122019E0,9.809084989E0
9.205572625E0,-3.581825969E0,7.581512679E0,-2.927924241E0,8.881528705E0
9.215560625E0,-3.492761765E0,7.205505137E0,-6.931090629E-1,8.037355859E0
9.225548625E0,-3.145909610E0,7.272420673E0,1.288978930E0,8.027846312E0
9.235536625E0,-3.126296002E0,7.509286702E0,2.266164440E0,8.443850705E0
9.245524625E0,-3.093373839E0,8.045476377E0,6.504759172E-1,8.644175540E0
9.255512625E0,-3.114949772E0,8.033322939E0,6.927478512E-1,8.643904738E0
9.265500625E0,-2.958161947E0,8.028214812E0,-9.483563983E-1,8.608271315E0
9.275488625E0,-2.694043801E0,7.922859680E0,-1.043295373E0,8.433151413E0
9.285476625E0,-2.732130809E0,7.900736155E0,-9.817404914E-1,8.417243310E0
9.295464625E0,-1.787084812E0,8.209735190E0,-1.826263204E0,8.598177789E0
9.305453625E0,-1.846927556E0,8.173817498E0,-1.741150109E0,8.558857260E0
9.315441625E0,2.794676721E-2,8.633671773E0,-2.722247261E0,9.052717794E0
9.325429625E0,1.240811321E0,9.096267807E0,-9.219432096E-1,9.226683047E0
9.335417625E0,1.081293431E0,8.998000671E0,-7.912943387E-1,9.097217063E0
9.345405625E0,1.981745638E0,8.845493007E0,3.945050912E0,9.886024935E0
9.355393625E0,1.730794837E0,8.693829682E0,4.011750101E0,9.729977604E0
9.365381625E0,-5.031762958E-2,7.893916547E0,-3.244593068E0,8.534859958E0
9.375369625E0,-1.227804190E0,5.359804620E0,-1.558169068E1,1.652344071E1
9.385357625E0,-1.436272631E0,5.121774995E0,-1.523250197E1,1.613457699E1
9.395345625E0,-2.138333781E0,-4.609141998E0,-3.896390091E0,6.403008438E0
9.405333625E0,-2.242635829E0,-4.684464076E0,-3.912440113E0,6.502369320E0
9.415321625E0,4.208851554E0,-3.671114706E1,-1.475758293E-1,3.695192185E1
9.439340500E0,-3.962000236E-1,-4.230103844E-1,2.321251059E-1,6.243350934E-1
9.449328833E0,-3.508427332E-1,-7.102753186E-1,-4.416700190E-1,9.070027880E-1
9.459316833E0,-5.018402070E-2,-5.461422211E-1,-3.408722073E-1,6.457426912E-1
9.469304833E0,3.004578607E-1,-1.539653742E-1,-4.245137036E-2,3.402681022E-1
9.479292833E0,4.443081366E-1,1.627502310E-1,2.794384360E-2,4.740023379E-1
9.489280833E0,3.756944230E-1,2.387423998E-1,1.967237234E-2,4.455684405E-1
9.499268833E0,2.087890144E-1,1.028121775E-1,1.398285609E-1,2.715054748E-1
9.509257833E0,5.656523332E-2,-6.644191146E-2,1.158175546E-1,1.450098589E-1
9.519245833E0,-5.723152354E-2,-1.196147364E-1,6.239563823E-2,1.465481086E-1
9.529233833E0,-1.127783181E-1,-7.278029323E-2,-5.767868936E-2,1.460915854E-1
9.539221833E0,2.642064393E-2,-2.203815579E-3,-3.502528954E-1,3.512548903E-1
9.549209833E0,2.026041220E-1,-8.113596439E-3,-5.864160883E-1,6.204821427E-1
9.559197833E0,2.538242693E-1,-5.161921978E-2,-6.265420210E-1,6.779721290E-1
9.569185833E0,1.543170843E-1,-6.145774484E-2,-5.380257010E-1,5.630830062E-1
9.579173833E0,7.397239432E-2,1.236978471E-2,-2.921163690E-1,3.015906161E-1
9.589162833E0,8.785105303E-2,1.320663822E-1,-1.405758351E-1,2.119455171E-1
9.599150833E0,6.112905823E-2,1.487344551E-1,-2.793460500E-1,3.223242398E-1
9.609138833E0,9.818322927E-2,1.610399204E-1,-4.203627652E-1,4.607370800E-1
9.619126833E0,2.226068620E-1,1.672794843E-1,-3.388531637E-1,4.385860320E-1
9.629114833E0,2.472608428E-1,1.504161143E-1,-2.862141895E-1,4.070399171E-1
9.639102833E0,1.389768409E-1,1.675244826E-1,-3.466100800E-1,4.092890936E-1
9.649090833E0,8.867770314E-2,1.311226416E-1,-5.047433496E-1,5.289827323E-1
9.659078833E0,9.860583678E-2,6.847908139E-2,-4.538620484E-1,4.694712500E-1
9.669066833E0,2.528306812E-2,1.230312645E-2,-2.365485245E-1,2.382137798E-1
9.679055833E0,1.363206701E-1,-3.986105382E-2,-1.607300180E-1,2.144909495E-1
9.689043833E0,2.727859857E-1,-1.279546201E-1,8.997344613E-2,3.144515858E-1
9.699031833E0,5.369414080E-1,-1.285796875E-1,9.748244047E-2,5.606617856E-1
9.709019833E0,7.181781960E-1,1.041237080E-1,8.009223640E-2,7.300934421E-1
9.719007833E0,8.159251499E-1,2.790636295E-1,2.611711496E-1,9.010109483E-1
9.728995833E0,7.938750804E-1,2.590269756E-1,5.148566937E-1,9.810249908E-1
9.738983833E0,3.093430703E-1,3.140656471E-2,3.648112929E-1,4.793399492E-1
9.748971833E0,-1.886852637E-1,-2.956141734E-1,-1.368201685E-1,3.764433912E-1
9.758959833E0,-3.678237053E-1,-5.001930463E-1,-5.473286211E-1,8.276810867E-1
9.768948833E0,-1.844295140E-1,-4.871841609E-1,-6.384153771E-1,8.239762412E-1
9.778936833E0,-4.948235482E-2,-4.003804904E-1,-1.686746299E-1,4.372689920E-1
9.788924833E0,-2.894707963E-2,-3.039411932E-1,4.566605258E-1,5.493241467E-1
9.798912833E0,1.433532625E-2,-2.473395610E-1,5.222516674E-1,5.780390680E-1
9.808900833E0,-1.045463155E-1,-2.974542922E-1,3.178160512E-1,4.476784900E-1
9.818888833E0,-1.793099843E-1,-3.756502765E-1,1.959296715E-1,4.600582973E-1
9.828876833E0,-1.121487191E-1,-4.337628293E-1,8.003668785E-3,4.480977416E-1
9.838864833E0,-4.495229758E-2,-3.940847933E-1,-1.826085448E-1,4.366570898E-1
9.848852833E0,7.977210134E-2,-3.266020775E-1,-1.209309447E-1,3.572909159E-1
9.858841833E0,1.124429803E-1,-2.869965470E-1,-1.129448175E-2,3.084444960E-1
9.868829833E0,2.132391840E-1,-2.452333939E-1,-1.089517540E-1,3.427547983E-1
9.878817833E0,1.924034350E-1,-2.524266386E-1,-2.472354805E-1,4.023228461E-1
9.888805833E0,1.007704029E-1,-2.518939573E-1,-3.786797190E-1,4.658364191E-1
9.898793833E0,7.536198512E-2,-2.432342309E-1,-4.098529798E-1,4.825160981E-1
9.908781833E0,2.791807200E-1,-1.306431699E-1,-3.641125506E-1,4.770612767E-1
9.918769833E0,5.350725648E-1,5.608824670E-2,-2.702916366E-1,6.020848028E-1
9.928757833E0,6.006797131E-1,1.126226360E-1,-3.370025200E-1,6.979044880E-1
9.938746833E0,5.875343683E-1,1.273441708E-1,-4.243862343E-1,7.358782832E-1
9.948734833E0,5.563733136E-1,1.647330219E-1,-5.869481850E-1,8.253462330E-1
9.958722833E0,4.656220416E-1,1.692418098E-1,-7.750110126E-1,9.198308243E-1
9.968710833E0,3.456657547E-1,1.592921877E-1,-7.570857882E-1,8.473710556E-1
9.978698833E0,3.339619678E-1,1.594062084E-1,-7.116359657E-1,8.021014169E-1
9.988686833E0,3.964065034E-1,1.895766717E-1,-5.237409532E-1,6.836534330E-1
9.998674833E0,5.852139008E-1,2.247418267E-1,-2.513606912E-1,6.754009146E-1
1.000866283E1,7.054485883E-1,2.486393970E-1,-7.165821254E-2,7.514081181E-1
1.001865183E1,7.553668530E-1,2.434926778E-1,8.552780807E-2,7.982372910E-1
1.002863983E1,7.499720657E-1,2.281542617E-1,2.105494648E-1,8.116917787E-1
1.003862783E1,7.319196644E-1,1.603166199E-1,2.068616259E-1,7.773027377E-1
1.004861583E1,7.646778131E-1,9.552186906E-2,2.035883546E-1,7.970601002E-1
1.005860383E1,7.434369251E-1,-4.440200150E-2,4.038613379E-2,7.458559105E-1
1.006859183E1,6.002880228E-1,-1.890013057E-1,-2.048729879E-1,6.618460130E-1
1.007857983E1,5.787647143E-1,-2.123884141E-1,-2.512688899E-1,6.657428092E-1
1.008856783E1,8.744932008E-1,-2.216410482E-1,-7.366497695E-2,9.051461988E-1
1.009855583E1,1.282478580E0,-1.346157682E-1,1.527520770E-1,1.298539915E0
1.010854483E1,1.464769329E0,6.788032651E-3,1.973727643E-1,1.478022757E0
1.011853283E1,1.319340889E0,6.375803947E-3,2.146477783E-1,1.336702922E0
1.012852083E1,1.290482249E0,-2.178181386E-1,3.120115203E-1,1.345414570E0
1.013850883E1,1.488581968E0,-5.398330754E-1,4.255246872E-1,1.639624129E0
1.014849683E1,1.785956738E0,-7.289139032E-1,6.401946849E-1,2.032438482E0
1.015848483E1,1.868222823E0,-7.393734026E-1,7.807401145E-1,2.155570614E0
1.016847283E1,1.870622520E0,-6.685244447E-1,7.769774312E-1,2.133037148E0
1.017846083E1,1.939004538E0,-6.787635040E-1,9.114897037E-1,2.247503498E0
1.018844983E1,1.953438682E0,-6.080496168E-1,-2.454876308E0,3.195632130E0
1.019843783E1,2.290946694E0,-5.862377483E-1,-1.152731203E0,2.630760476E0
1.020842583E1,1.512683752E0,-1.290798583E0,2.250857599E0,3.003453520E0
1.021841383E1,1.470322575E0,-1.309861676E0,2.080774959E0,2.864822947E0
1.022840183E1,1.331840628E0,-9.527307004E-1,2.311092691E0,2.832427346E0
1.023838983E1,5.773660603E-1,-5.064027894E-1,1.996248195E0,2.138878727E0
1.024837783E1,1.658596341E-1,-5.784363931E-1,6.601447999E-1,8.932464587E-1
1.025836583E1,-3.698086157E-2,-1.383945898E0,-3.484835279E-1,1.427625512E0